antiguedad_meses,monto_mensual,num_llamadas_soporte,plan,region,usa_app,abandono
30.990214484345366,32721.11219945368,3.0,Plus,Sur,No,0
44.47238515383415,33408.47265806101,0.0,Plus,Norte,Sí,1
58.99181643029965,36352.37364141801,0.0,Premium,Centro,No,0
10.298934051239982,17773.05990766587,1.0,Premium,Norte,Sí,1
44.62868268245843,16646.663379698446,1.0,Básico,Norte,Sí,1
41.60487138717383,30359.61060066271,0.0,Plus,Norte,Sí,0
45.20067038220673,18893.25277124349,1.0,Básico,Norte,Sí,0
46.584113340887605,18828.760103478784,2.0,Básico,Sur,Sí,0
45.705007911815386,28550.57075229938,2.0,Premium,Centro,Sí,0
24.634021832877018,3416.9414906656093,3.0,Básico,Norte,Sí,0
34.451538791520406,15999.853390991595,0.0,Básico,Centro,No,0
28.429674732647644,37672.622767895795,3.0,Premium,Sur,No,0
18.738925967084278,29530.43700410027,0.0,Premium,Centro,No,0
43.82645935109454,13440.780577083418,4.0,Básico,Sur,Sí,0
47.81934726589151,30260.38957360422,1.0,Plus,Sur,Sí,0
22.26712315582157,22409.875904540506,4.0,Plus,Norte,Sí,0
40.642037369231225,16023.568449320852,4.0,Básico,Norte,Sí,0
41.119018741782014,14112.021216206867,2.0,Plus,Sur,Sí,0
61.2775353216437,20620.061560868016,2.0,Plus,Centro,Sí,0
33.62561363760625,27316.29888188875,1.0,Básico,Norte,No,0
33.01919643805346,35243.02130094821,0.0,Plus,Sur,Sí,0
56.56581472147995,22570.05466376535,2.0,Plus,Centro,Sí,0
32.7172051646031,17833.34461965702,4.0,Plus,Norte,No,0
208.67884608173244,25180.32407201763,1.0,Básico,Norte,Sí,0
40.11863211894446,17653.397439965804,0.0,Básico,Centro,Sí,0
25.25189893544563,26453.950417124328,2.0,Plus,Sur,Sí,0
61.41901570886151,19005.836188712547,2.0,Plus,Norte,Sí,0
32.566826479632134,31156.640429497114,1.0,Básico,Sur,Sí,1
38.91874579705321,23923.247572997516,2.0,Premium,Centro,No,1
28.572296785157093,27359.88171538201,4.0,Premium,Norte,Sí,1
55.654199734782026,27579.704599592485,4.0,Básico,Sur,No,1
35.30256468579056,29933.045333377715,1.0,Básico,Norte,Sí,0
13.956716697931622,19967.51717032629,3.0,Básico,Norte,Sí,0
26.657961659363295,34141.21802813915,3.0,Plus,Centro,Sí,1
45.998402755473954,28172.28146276443,0.0,Básico,Sur,Sí,0
35.46854682816586,39025.83067211718,3.0,Básico,Norte,No,0
42.652741566990706,19890.336260271346,0.0,Básico,Centro,Sí,1
31.098301246315714,35192.20620523764,0.0,Básico,Centro,Sí,0
30.43086784990555,23225.454688428516,3.0,Premium,Norte,Sí,0
41.01610733560016,23393.25401215298,2.0,Básico,Centro,No,1
42.894445426746074,5670.752340600226,2.0,Premium,Centro,Sí,0
15.0397906154064,23773.912085817556,3.0,Básico,Centro,No,0
52.58747006854492,32773.4004656512,1.0,Básico,Centro,No,0
20.84027056019421,30233.19911367557,3.0,Premium,Norte,No,0
32.91165909078547,,3.0,Premium,Centro,No,0
24.39322699653287,24283.794664699475,4.0,Premium,Sur,Sí,1
21.519971115300887,28714.723008344597,2.0,Básico,Norte,No,0
68.02336823165405,19519.98524662058,2.0,Básico,Centro,Sí,0
6.346324262465444,40490.964767343496,2.0,Plus,Centro,Sí,0
36.87139711435185,38510.19859899919,3.0,Básico,Norte,No,1
31.108639828257818,33217.81189654666,3.0,Básico,Centro,Sí,0
22.258789815691756,22983.661234250772,1.0,Básico,Centro,No,0
8.118847465765178,39327.5980607463,2.0,Básico,Sur,No,0
37.01308101271965,,1.0,Plus,Norte,Sí,0
44.53049382624654,19835.31553757528,0.0,Básico,Norte,Sí,0
45.934575385780775,36001.88397178364,0.0,Plus,Centro,Sí,0
16.883680614616015,10361.319696952281,4.0,Básico,Norte,No,0
29.904121208617113,26774.251441616718,4.0,Básico,Norte,Sí,0
66.61373103836586,30041.10070678375,2.0,Plus,Centro,No,0
15.76842464985037,14732.587861604157,3.0,Básico,Norte,Sí,1
30.258846440726103,171006.43640967412,1.0,Básico,Centro,Sí,0
50.153887406878155,19415.221506279187,3.0,Plus,Sur,No,0
35.91632492612096,18787.5838752777,2.0,Básico,Sur,Sí,0
47.851727073869405,21613.983988365962,3.0,Básico,Sur,Sí,1
38.64918335716964,26010.105990459087,3.0,Plus,Norte,Sí,0
35.260663542814285,37727.73326221411,0.0,Básico,Norte,Sí,0
94.16331762075141,32201.242350220164,1.0,Plus,Sur,Sí,0
32.41669025172023,17926.1551505526,2.0,Básico,Centro,Sí,0
40.493908674147946,33457.61394451922,0.0,Plus,Norte,Sí,0
46.17624072971523,22027.742045989216,3.0,Básico,Centro,No,0
22.85525093646531,17931.301499775833,2.0,Básico,Norte,Sí,0
31.047332325388986,19121.032510720972,1.0,Básico,Sur,No,1
21.261508020448204,22380.344626294976,4.0,Básico,Centro,Sí,0
47.09272299070483,15457.08295030513,2.0,Básico,Sur,No,0
38.791395205577636,16153.57800641605,3.0,Plus,Sur,Sí,1
28.260757482692394,17907.082828452872,,Básico,Sur,Sí,0
39.98179679945705,24222.516665303985,2.0,Básico,Norte,Sí,0
54.957865470344416,34070.6679612087,3.0,Plus,Sur,Sí,0
54.066559716137135,34218.83687612704,3.0,Plus,Centro,No,0
41.53299069214414,,2.0,Plus,Norte,Sí,0
-6.064817300568812,28286.330423600106,3.0,Plus,Sur,Sí,0
38.13707807531476,30397.003810767786,4.0,Básico,Sur,No,0
35.54606235705929,44192.706721515206,1.0,Premium,Centro,Sí,0
45.97434917932129,23226.492492845802,1.0,Básico,Sur,Sí,0
29.736652044397715,26347.56861575782,0.0,Plus,Sur,Sí,0
21.107542701404327,14621.712287143439,3.0,Plus,Centro,Sí,0
155.22502012808482,27103.758230392315,2.0,Básico,Sur,No,0
23.00701371721516,36784.35661345987,1.0,Premium,Sur,No,0
38.92406019217037,26524.624732889453,1.0,Básico,Sur,Sí,0
44.02302089120525,24062.089852837555,1.0,Plus,Sur,Sí,0
51.563561916078775,34765.252961404476,1.0,Plus,Sur,Sí,0
47.88751520757893,22093.139515620598,4.0,Básico,Norte,Sí,1
58.69063686738187,25071.38808080181,4.0,Plus,Centro,Sí,1
32.18926647517443,46455.54396693806,3.0,Plus,Centro,No,0
33.96887754837074,32706.692366034604,1.0,Plus,Norte,No,1
8.270763007282554,23481.010153489457,3.0,Premium,Centro,Sí,1
29.28600556500403,25082.170947297396,4.0,Básico,Norte,No,0
38.36541899942715,11942.398029930187,3.0,Premium,Norte,Sí,1
56.53645257533866,31765.661120774956,2.0,Básico,Sur,Sí,0
39.04731264550802,14038.214022340204,2.0,Básico,Norte,Sí,0
58.5759569504269,21538.914356326026,4.0,Plus,Norte,No,0
25.074470361406863,27328.282233904803,4.0,Básico,Norte,Sí,0
16.692956485473285,18359.316575250683,0.0,Básico,Sur,Sí,0
42.354597854918275,37730.860651666895,3.0,Básico,Norte,Sí,1
30.72363035960539,31451.614627136536,2.0,Plus,Centro,Sí,0
34.66348647894868,23038.035211036655,4.0,Básico,Norte,No,1
62.38134239095408,28775.17811961037,0.0,Básico,Sur,Sí,0
29.09224202154971,116981.17878472686,2.0,Premium,Norte,No,0
39.43245382679165,117623.21430874383,2.0,Premium,Centro,Sí,0
49.2107104573599,27602.829731908416,5.0,Básico,Centro,Sí,0
25.41099003322074,38800.81352121734,1.0,Básico,Sur,No,0
21.780820220776494,22326.630967174115,2.0,Básico,Sur,Sí,0
38.87712714646931,24581.633498337804,2.0,Plus,Norte,Sí,1
27.468988714093477,24243.651869081175,,Básico,Centro,Sí,0
56.92923448170322,,0.0,Premium,Centro,No,0
44.122598958095345,40284.64933967616,2.0,Plus,Sur,No,1
49.78025046355448,22579.596874390078,,Básico,Sur,Sí,0
49.30339356795769,23363.828505869922,0.0,Básico,Centro,Sí,1
38.1957553719491,25281.03478327696,1.0,Básico,Norte,Sí,0
31.890902206866574,21884.32631811897,2.0,Básico,Norte,Sí,0
37.111298895080914,83020.50516876044,2.0,Premium,Centro,No,0
38.070306829307725,11567.030223920976,0.0,Plus,Norte,Sí,1
27.316745916438958,13979.73568294212,0.0,Básico,Centro,Sí,0
38.78776290885408,26027.272037070314,1.0,Básico,Norte,Sí,0
25.714882442423765,21816.452711992697,1.0,Básico,Norte,No,0
51.077282830863716,21158.81931479038,1.0,Plus,Norte,Sí,1
28.781602460759014,22627.81036535946,2.0,Básico,Sur,Sí,0
45.55227077797001,23375.684599715078,1.0,Básico,Norte,Sí,1
34.49100005471968,24629.356762576383,3.0,Premium,Centro,No,0
32.065615085062646,16476.320951471258,1.0,Premium,Centro,Sí,0
37.179122270414695,31043.48079149556,4.0,Básico,Norte,Sí,0
39.225579428343956,42045.93758065865,2.0,Básico,Centro,No,0
23.77932244478889,32772.118483834594,1.0,Premium,Centro,Sí,0
41.97648700983609,30359.821934027612,1.0,Plus,Centro,Sí,0
41.677260120423824,23714.166340753876,3.0,Básico,Centro,Sí,0
30.842614956852813,29190.65182749913,2.0,Básico,Norte,Sí,1
40.362310655983265,40602.390383681806,2.0,Básico,Sur,No,1
43.25185984892497,28367.38036755989,1.0,Básico,Sur,No,1
22.3938898493133,20104.3772556892,2.0,Básico,Sur,No,0
26.110136040633627,32460.49493790947,2.0,Básico,Norte,Sí,0
19.27107386830519,19789.94524727296,4.0,Premium,Sur,Sí,0
28.195332228758584,21970.371234508522,2.0,Plus,Sur,Sí,0
29.399467530552855,36467.346542854866,6.0,Básico,Centro,No,0
33.35238751427838,33501.5497040056,2.0,Plus,Sur,No,1
29.108490309538645,28460.216729962336,1.0,Premium,Centro,Sí,0
26.544616021006647,28135.385584744316,3.0,Básico,Norte,Sí,0
36.37774357514843,26710.631982601277,1.0,Plus,Norte,Sí,0
25.421152703993133,34133.645424332855,1.0,Plus,Centro,Sí,0
36.88021223058185,18572.4310893992,1.0,Plus,Centro,Sí,0
35.62985389912897,20832.057634465506,4.0,Premium,Centro,Sí,0
44.091593102633254,21024.534626420205,2.0,Básico,Sur,Sí,0
16.916807126675348,26101.13143625878,4.0,Plus,Norte,Sí,0
39.24917971229842,33010.10271653604,2.0,Plus,Sur,No,0
35.61388096800959,,5.0,Premium,Sur,Sí,1
37.73899081318295,26606.222615815248,1.0,Básico,Centro,Sí,0
50.14085991050078,16554.24491810325,3.0,Plus,Centro,No,0
35.01817400627022,37639.101694712976,3.0,Plus,Norte,Sí,0
26.94260580123371,18501.344884001475,1.0,Premium,Centro,Sí,0
4.737626050269686,34295.055637123056,3.0,Básico,Centro,Sí,1
29.98574966194439,35431.12917587219,,Plus,Norte,Sí,0
45.24260474047961,,3.0,Premium,Norte,Sí,0
28.42352497960307,13401.308799143011,2.0,Básico,Norte,Sí,0
26.106270317558778,29253.2119746754,4.0,Básico,Centro,Sí,0
33.02306327323513,14774.710223347989,2.0,Básico,Norte,Sí,1
34.97153924406281,19118.67388815093,2.0,Premium,Norte,No,0
43.14925596847345,19402.64004612137,4.0,Plus,Norte,Sí,1
42.59269265398726,13624.488038534948,0.0,Básico,Sur,Sí,0
53.34792415245218,33782.237088684786,0.0,Básico,Sur,Sí,0
36.85915037875891,29989.125268910306,1.0,Básico,Sur,Sí,0
32.458657878154185,31717.999857846025,1.0,Básico,Centro,No,0
38.2928225608623,29493.07369949459,0.0,Plus,Sur,No,1
31.31559982350843,28050.796809604784,2.0,Básico,Sur,No,1
41.41421901270961,28179.749820315606,1.0,Básico,Norte,Sí,0
27.376078662633404,28371.84895014018,3.0,Básico,Centro,Sí,0
40.33327289601177,16512.03078625733,2.0,Premium,Sur,Sí,1
32.87162460685356,24949.667951989806,,Básico,Norte,Sí,0
36.63731253732555,20681.95666192895,0.0,Plus,Norte,No,0
53.40961600623344,16471.172754819963,4.0,Básico,Norte,Sí,0
33.83080075527242,35460.48088473332,1.0,Básico,Sur,Sí,0
44.279796224499336,26281.407654139308,2.0,Plus,Sur,No,1
39.943776783226575,21947.014837807852,5.0,Plus,Sur,No,0
36.190055891861455,30366.4160070637,1.0,Plus,Sur,Sí,0
14.929123427905203,22638.59290425773,6.0,Plus,Centro,Sí,0
27.163776082438083,35313.236161430454,4.0,Básico,Norte,No,1
44.240812565196045,17357.608622077725,0.0,Básico,Sur,Sí,0
15.32768853594446,26995.373198705172,0.0,Plus,Norte,No,0
29.386771318128936,31178.057245238604,1.0,Básico,Norte,Sí,0
36.44383011915669,,1.0,Plus,Sur,Sí,0
29.166927570192485,16152.706256977846,0.0,Básico,Centro,Sí,0
43.01152747811335,,1.0,Premium,Centro,Sí,0
31.616102483377183,30293.975190434983,4.0,Básico,Norte,Sí,0
33.95058062829737,27117.95716989481,3.0,Premium,Centro,No,0
64.65877557329325,25253.06316645662,1.0,Premium,Centro,Sí,0
38.61432493848277,19178.030391336422,3.0,Premium,Sur,No,0
28.171157734730606,22823.77404894252,1.0,Básico,Sur,No,0
45.2742750457048,19939.171572345218,2.0,Básico,Sur,Sí,0
47.80985037425504,26889.080094285328,1.0,Plus,Centro,Sí,1
37.78483737306476,,2.0,Plus,Centro,Sí,0
39.98047574066839,17515.140395424103,0.0,Básico,Sur,Sí,0
40.8607494443936,19427.565902464696,1.0,Premium,Centro,Sí,0
53.419560208624674,36396.63392076062,1.0,Plus,Norte,No,0
41.58167276550709,22041.14289759606,4.0,Básico,Centro,Sí,0
40.133042516315115,33229.966624218214,0.0,Básico,Sur,No,1
32.931912990144475,27201.529072363617,1.0,Premium,Sur,Sí,0
26.331004892704698,20152.335408280043,1.0,Básico,Norte,Sí,1
121.02232498321753,31695.941966919178,3.0,Premium,Sur,Sí,1
23.175113601100804,22698.10262063021,0.0,Básico,Centro,Sí,0
17.27042346641148,37236.67424400337,3.0,Básico,Centro,Sí,0
23.892661641365123,19311.668000589132,2.0,Plus,Sur,Sí,0
28.64298823944391,24075.092647118032,2.0,Plus,Sur,Sí,0
6.59129175602915,36951.81347932519,3.0,Plus,Norte,Sí,0
50.30065812813363,23109.96682307586,1.0,Básico,Centro,No,1
24.595442508796225,24530.11367199758,0.0,Básico,Norte,No,1
19.917268761161147,28187.85726325312,5.0,Premium,Norte,Sí,0
34.106988757120256,20552.26984245514,4.0,Básico,Sur,Sí,1
39.024485308640756,,4.0,Básico,Norte,No,0
44.644027234183355,12319.365648218973,0.0,Básico,Sur,No,0
43.509786030850755,13919.160939429063,0.0,Plus,Norte,Sí,1
38.62374754503625,10457.269482365682,3.0,Básico,Norte,Sí,0
20.55808757411355,,,Básico,Centro,No,1
18.91541331427203,25262.836351693164,2.0,Básico,Sur,Sí,0
33.82132038467327,24760.045085833397,5.0,Plus,Norte,Sí,0
30.2115456786268,194292.0749647486,0.0,Plus,Sur,Sí,0
43.781180146453245,29041.199453067686,2.0,Básico,Sur,No,0
18.785492413180286,13857.162012208093,2.0,Plus,Centro,Sí,0
47.23113015006979,31637.718246952474,2.0,Básico,Norte,Sí,0
34.77021811873506,9440.118631860078,0.0,Básico,Sur,Sí,0
17.748878199051738,26649.99523454637,2.0,Básico,Norte,Sí,0
41.80031730093154,21856.261703322685,3.0,Básico,Centro,Sí,1
30.57629754147491,28698.538475893984,2.0,Plus,Sur,No,0
56.68272452261325,19012.110144923143,1.0,Plus,Norte,No,1
44.86227400402812,26597.121472619598,5.0,Básico,Sur,Sí,0
53.45692111224645,34269.38926731634,1.0,Plus,Centro,Sí,0
50.761996603283364,25735.10630274351,0.0,Básico,Sur,Sí,1
50.15076985473287,21145.81882745577,1.0,Plus,Norte,Sí,0
38.909211788421544,16352.170140822629,1.0,Plus,Norte,Sí,1
24.74773448464779,21983.980583318356,0.0,Básico,Sur,Sí,1
41.313774126497975,21379.170041070483,3.0,Básico,Centro,No,0
46.70887359733243,22840.746874174183,2.0,Plus,Centro,Sí,1
16.594354562971084,20612.991773859383,1.0,Básico,Norte,Sí,0
36.574954775034534,29889.392254596372,2.0,Básico,Centro,No,0
28.9369954505028,26568.991025262898,3.0,Básico,Norte,Sí,0
47.99432986524175,17302.671134934913,4.0,Premium,Sur,Sí,0
33.329194190753334,22372.198405032745,0.0,Plus,Sur,Sí,0
24.599641428816753,17194.908367005184,0.0,Básico,Centro,No,1
31.385612802779818,33405.493970047144,,Plus,Norte,No,0
53.61831873498264,28144.92278009345,2.0,Básico,Norte,No,0
13.853043946260549,43673.10713254812,2.0,Premium,Sur,Sí,1
18.813440076356716,21451.03238252891,2.0,Plus,Sur,No,0
41.1817757592739,13625.595012360593,1.0,Premium,Sur,Sí,0
12.060011067966961,17273.9798957876,1.0,Plus,Norte,Sí,0
39.14634124713321,36520.906280279654,0.0,Premium,Centro,Sí,1
40.716437215384936,23576.733691295478,1.0,Básico,Norte,Sí,0
38.26803031708451,19437.752039141236,1.0,Básico,Centro,Sí,0
24.7728688961358,37089.9369588148,2.0,Básico,Centro,Sí,0
30.67518539939266,40023.127181013624,3.0,Básico,Sur,No,0
33.13405336967345,23681.67392384197,2.0,Básico,Centro,Sí,0
36.78287007531153,21430.13571101337,3.0,Plus,Centro,Sí,0
41.37358062103304,22953.26232985755,1.0,Premium,Centro,Sí,1
18.67933864781085,27656.486024063186,0.0,Básico,Sur,Sí,0
33.512696715612236,,5.0,Premium,Sur,Sí,0
55.244917349991866,26258.232062814528,1.0,Plus,Norte,No,0
54.44088545574256,21264.53481806085,2.0,Básico,Sur,Sí,0
38.45297353908791,27332.235713744914,2.0,Plus,Sur,Sí,0
50.63761775377462,25423.140818577023,1.0,Plus,Norte,Sí,0
42.56063571157688,21973.40865947096,1.0,Básico,Sur,Sí,0
19.393410225657238,27713.170993124935,2.0,Básico,Norte,No,0
34.266752986561904,44299.808640953444,1.0,Básico,Norte,No,0
22.93384861345681,25003.770885881822,1.0,Plus,Sur,No,0
32.15847029778942,19326.30320907308,1.0,Básico,Centro,Sí,0
42.13426032165863,13657.683825872786,3.0,Plus,Centro,Sí,0
21.758421754122438,13311.780978167299,2.0,Básico,Centro,Sí,0
25.022728858897793,38757.418431955346,2.0,Básico,Centro,Sí,0
24.631250686553336,36229.63894843404,0.0,Básico,Centro,Sí,1
8.494292886781558,16265.272029334337,4.0,Básico,Sur,Sí,1
26.526942583544983,,0.0,Plus,Centro,Sí,1
16.011468656991745,26667.08720677621,3.0,Básico,Norte,Sí,0
33.43105621543144,16404.622242136873,2.0,Plus,Norte,Sí,0
45.79876350377478,19824.28027526994,2.0,Básico,Norte,Sí,0
12.048982700625853,31773.187063109217,3.0,Básico,Centro,Sí,1
43.90124369608732,18491.202968150883,1.0,Básico,Centro,Sí,0
43.924733155064395,15915.013620998903,2.0,Básico,Sur,Sí,0
33.97262960930074,33630.50846328697,0.0,Premium,Centro,No,0
24.548770414054122,38004.678206164266,1.0,Premium,Norte,Sí,0
30.379143048412764,22615.236048494327,1.0,Básico,Norte,Sí,0
27.951216341749085,20165.517777724923,4.0,Plus,Centro,Sí,0
54.5598417770312,30959.816377771676,4.0,Premium,Sur,Sí,1
47.68763397273668,26524.790978592486,3.0,Básico,Centro,Sí,0
50.88156057838876,,1.0,Plus,Centro,Sí,0
15.926855194779293,14054.075052881146,1.0,Básico,Norte,Sí,0
34.72047955769491,23520.145849006483,1.0,Plus,Centro,Sí,0
44.17616321377444,19616.727237159663,4.0,Premium,Centro,Sí,1
12.585891858144095,,3.0,Plus,Norte,Sí,0
14.238037010047762,36827.8873704318,2.0,Básico,Centro,Sí,1
43.372846190698695,,1.0,Plus,Centro,Sí,0
26.606546371791055,9702.314628612634,3.0,Plus,Centro,Sí,0
32.97267025085649,15501.402188033233,4.0,Básico,Norte,No,1
67.38027957582958,16833.13199534546,2.0,Básico,Norte,Sí,1
45.52696166150103,26206.016859763768,2.0,Premium,Centro,Sí,0
48.556838016623104,25992.429445557606,3.0,Básico,Centro,Sí,0
44.45816526469196,28093.83292531756,1.0,Premium,Centro,Sí,0
50.25539985756671,35609.68335421558,6.0,Premium,Sur,No,0
28.206658658861656,38741.018916648085,1.0,Básico,Sur,Sí,0
49.80227957923364,9097.577435802132,3.0,Básico,Sur,Sí,0
37.309019092487056,36575.70318714845,1.0,Básico,Norte,No,0
20.76005898691139,19038.4951011917,1.0,Plus,Centro,Sí,0
34.095572793184665,21418.01824179951,0.0,Plus,Centro,Sí,0
14.396265526871595,22714.690239719108,2.0,Plus,Norte,Sí,1
58.802332058749684,37666.46513790799,0.0,Básico,Norte,Sí,0
73.82955269130228,25414.630433177677,0.0,Premium,Norte,Sí,0
19.31802588716785,18221.399590982517,1.0,Básico,Centro,Sí,0
40.750487711124975,19153.759619080083,2.0,Básico,Norte,No,0
43.07397024791898,15312.643508569534,2.0,Básico,Norte,Sí,0
40.14024374185887,23722.359642328516,1.0,Básico,Sur,Sí,1
44.06913324275697,24472.2451306792,2.0,Premium,Sur,Sí,0
35.3239097358998,27718.043498275514,3.0,Básico,Sur,Sí,1
65.14966350887033,21650.029301935672,1.0,Básico,Norte,No,0
28.202136476551416,14360.088226967164,1.0,Premium,Norte,Sí,0
37.33847520001501,26184.91613429216,2.0,Plus,Centro,No,0
41.63723677188398,35890.03536966357,2.0,Plus,Sur,Sí,0
40.55837050858496,38029.09232371149,1.0,Plus,Norte,No,0
22.13168715364929,19517.277420900624,2.0,Básico,Centro,Sí,0
27.834219958443263,31493.25185276533,2.0,Básico,Norte,Sí,0
31.59374763223436,18687.17439795991,1.0,Plus,Sur,Sí,0
21.550437442450924,26714.510971232125,1.0,Básico,Sur,Sí,0
38.760819584468486,16352.934838898691,1.0,Plus,Sur,No,0
42.64792682289774,25273.833100553747,2.0,Básico,Norte,Sí,1
21.09669117000928,40980.34584295108,2.0,Básico,Norte,No,0
27.084630156305394,19018.589659625555,2.0,Premium,Centro,Sí,0
22.558163755025067,24740.154112141074,3.0,Básico,Centro,No,1
28.617803944444695,17192.090370843085,3.0,Básico,Sur,No,1
37.33784027876671,7866.622316420449,2.0,Premium,Sur,No,0
52.606449165071716,25435.894072298182,1.0,Básico,Norte,Sí,0
64.19315269727608,29016.714452695527,2.0,Básico,Norte,Sí,0
35.36592606551098,30062.911616609326,3.0,Premium,Sur,Sí,0
35.40651790834232,18333.900454185256,2.0,Plus,Norte,Sí,1
23.570775135016476,7965.199542967319,3.0,Plus,Norte,No,0
40.18409631987598,141048.59283154312,3.0,Premium,Sur,Sí,0
48.88880907111626,47208.09531832557,3.0,Básico,Norte,Sí,0
42.693046610618424,27526.352752131206,1.0,Premium,Norte,Sí,0
33.15639185844242,5937.482154005276,0.0,Plus,Norte,Sí,0
39.77264297204793,20335.320112961403,3.0,Plus,Sur,Sí,0
38.7223827417839,29210.87212191229,3.0,Básico,Centro,Sí,0
30.990974076161706,26942.71874781899,2.0,Plus,Norte,Sí,0
13.79780149738637,29011.18638257304,4.0,Básico,Centro,Sí,0
12.059545077660022,14816.81299816682,2.0,Básico,Sur,No,1
37.47906817791202,39297.699575881554,3.0,Plus,Centro,Sí,0
48.494446337105614,36554.86961293376,,Plus,Sur,No,0
55.17950149459872,31893.10804924249,2.0,Premium,Sur,Sí,0
42.51338776563132,25139.09017245937,1.0,Plus,Sur,No,0
41.57308838990704,24192.576944070086,4.0,Básico,Sur,No,0
20.558103116264924,26856.838497782854,2.0,Premium,Sur,Sí,0
34.36789397502854,43761.986164715294,5.0,Básico,Centro,No,0
32.87244764462719,18783.874689886732,2.0,Básico,Sur,No,0
41.924778630378825,29889.09698407518,3.0,Básico,Centro,Sí,0
48.50315644683782,24628.101722433603,1.0,Básico,Centro,Sí,0
25.8606672264666,20768.162921368144,4.0,Plus,Sur,Sí,1
27.18824457174239,28868.36592640158,7.0,Básico,Sur,Sí,1
60.42844538392548,32053.97231257699,,Premium,Centro,Sí,0
55.64046722771319,,2.0,Premium,Norte,Sí,1
43.6879309366711,20897.08695869324,3.0,Básico,Centro,Sí,0
20.714001369477458,31066.92276572938,1.0,Básico,Norte,Sí,0
48.71455875113507,28109.896682406812,2.0,Básico,Centro,Sí,0
41.03682695796977,30827.5129780754,4.0,Básico,Centro,No,0
35.696698183639924,25882.386347909713,2.0,Básico,Centro,Sí,0
44.7919226795069,44718.350620308396,4.0,Premium,Sur,Sí,0
30.044029760691924,28007.502767339756,1.0,Básico,Sur,Sí,0
37.47754671181498,22908.368959663076,3.0,Básico,Centro,Sí,0
18.812396730516184,31901.99323717118,1.0,Básico,Centro,Sí,0
43.6169408582506,41631.872562765944,1.0,Premium,Norte,No,0
20.596183067389482,33858.0019251144,4.0,Premium,Norte,Sí,0
23.22976061777829,17822.24195353467,1.0,Premium,Centro,Sí,0
38.42982579393558,23956.56207559617,1.0,Básico,Norte,Sí,0
42.968201006792015,36655.01657068857,1.0,Básico,Sur,Sí,1
44.42882387124699,29505.571016493097,1.0,Plus,Centro,Sí,0
31.081671853982442,28879.592913034827,4.0,Básico,Centro,No,0
45.96278181210531,15332.100868401998,1.0,Plus,Norte,No,0
35.61451288616801,5410.127080654631,1.0,Básico,Centro,No,0
48.230312222015456,22623.07039581145,2.0,Básico,Norte,Sí,1
32.61481199825241,39435.72477163712,1.0,Básico,Sur,No,1
22.57310632767234,38757.78517532784,3.0,Premium,Centro,Sí,0
23.519967872443964,26210.353064284278,0.0,Básico,Sur,No,0
33.12516994986452,17570.169972315347,1.0,Plus,Sur,No,1
20.978641447153688,20202.853271248467,3.0,Básico,Centro,Sí,0
50.470017286590064,31099.90111070658,0.0,Premium,Norte,Sí,1
49.60609002569345,42067.669489357315,3.0,Básico,Sur,No,0
20.820103051690904,20947.887380763277,2.0,Premium,Centro,No,0
33.43633822855514,23176.421946416165,2.0,Plus,Sur,Sí,0
33.33113802925948,24900.54651296162,2.0,Básico,Sur,Sí,0
31.45077262706719,32273.739093207583,3.0,Básico,Centro,Sí,0
42.76376128905458,32429.354772062557,2.0,Básico,Centro,No,0
31.77887630647888,24377.67422957172,0.0,Premium,Centro,No,0
30.97095327538736,34263.29691555243,2.0,Básico,Centro,Sí,1
46.62518046698226,37212.49196388034,2.0,Plus,Norte,Sí,0
42.428851143000614,19685.223523706576,2.0,Plus,Centro,No,0
32.862419753510956,34477.07374628913,3.0,Básico,Norte,Sí,0
43.1878968095609,35041.22468777065,2.0,Plus,Sur,Sí,0
32.386910137103634,19703.720564048126,3.0,Plus,Norte,Sí,0
35.42762878469774,39902.64208693812,4.0,Plus,Centro,No,0
32.53784151142242,26561.5437898467,1.0,Básico,Sur,Sí,0
35.269572828290336,23203.855077539145,1.0,Premium,Centro,Sí,0
46.47295841262569,33396.809863533024,4.0,Premium,Centro,Sí,1
49.92805152162357,32177.31042967967,0.0,Plus,Norte,Sí,0
53.768837507177935,23818.492603386392,2.0,Básico,Centro,No,0
62.061764760760866,24341.993658336323,3.0,Básico,Norte,Sí,0
36.73807114916058,26875.07428457997,0.0,Básico,Sur,Sí,0
53.07468829113596,18708.21788733593,1.0,Plus,Sur,Sí,0
51.562310967457265,25638.406862253112,,Premium,Norte,Sí,0
33.35025661262836,42297.88984067559,4.0,Premium,Centro,Sí,0
15.053747617949586,21726.501902570642,3.0,Premium,Centro,Sí,0
20.73340948737233,21451.094656648173,3.0,Básico,Sur,No,0
40.828455765636114,34713.032863500346,2.0,Plus,Norte,No,0
28.400996614060382,28723.989623316047,6.0,Básico,Sur,No,0
31.33123835826169,,1.0,Básico,Norte,Sí,0
30.7167092301472,28889.588907723184,0.0,Básico,Sur,Sí,0
43.74790865293561,17141.256784322013,3.0,Premium,Sur,Sí,0
34.857418730747774,21377.133553120195,2.0,Básico,Centro,Sí,0
48.119974655580265,38979.92986088511,0.0,Premium,Centro,Sí,0
28.6315046128772,21842.655925113555,1.0,Premium,Sur,No,1
31.721241573174726,29430.324576801635,1.0,Plus,Sur,Sí,0
43.708339632502714,20555.59811544078,5.0,Básico,Norte,Sí,0
13.192296909691613,35153.69310512207,0.0,Básico,Norte,No,0
34.76199803691856,25155.60666681793,3.0,Básico,Norte,Sí,0
34.24537694145607,14450.894328529974,2.0,Básico,Norte,Sí,0
47.693189975186854,24352.19896604695,3.0,Premium,Centro,Sí,0
43.94811321546826,23712.879604186823,0.0,Básico,Sur,No,0
46.26554362551608,28284.497997570557,5.0,Premium,Sur,Sí,1
26.14172742219594,19375.21746287991,3.0,Básico,Centro,Sí,0
42.47425463410008,33009.333866332156,1.0,Plus,Centro,No,0
47.06501096996571,26689.537927236757,1.0,Básico,Sur,Sí,0
26.822860239397446,34503.798640663044,2.0,Básico,Sur,No,0
16.02093181453293,12777.933672421314,4.0,Premium,Norte,Sí,0
46.23347211430887,35697.428707836705,1.0,Premium,Centro,Sí,0
8.27283465634158,33780.185579651814,1.0,Básico,Norte,Sí,1
41.881329589701636,26953.213918315236,1.0,Plus,Centro,Sí,1
23.08446368395501,13085.95729737771,2.0,Plus,Norte,No,0
43.70309219319687,34479.21166150977,2.0,Plus,Centro,No,1
29.75493366268325,29377.381015664832,,Premium,Centro,Sí,0
36.37673219217131,30158.117619438584,3.0,Plus,Centro,Sí,0
25.48224941434507,17165.63248259778,1.0,Plus,Sur,Sí,1
23.359295758384583,25897.42099765597,4.0,Básico,Norte,Sí,0
20.179927481205482,,2.0,Plus,Sur,Sí,0
57.94851183126969,21534.706208403728,1.0,Plus,Sur,Sí,0
36.37304540382742,21966.38330661001,1.0,Básico,Centro,Sí,0
31.672158394479954,17014.711364239585,6.0,Premium,Centro,Sí,0
50.10745191684935,14610.859331836009,0.0,Plus,Centro,No,0
20.556086042894535,19651.737949186678,2.0,Básico,Centro,Sí,0
30.077106763866393,32617.396278728476,1.0,Básico,Norte,Sí,0
33.47459480585771,25454.0235179411,4.0,Plus,Sur,No,0
24.01932180336115,23849.76607628361,4.0,Básico,Sur,No,0
43.25132860299896,23170.77899801084,2.0,Básico,Centro,Sí,0
50.05387928856816,105070.76233241535,4.0,Premium,Norte,Sí,0
50.26650456881053,24114.59570102561,1.0,Premium,Norte,Sí,0
39.194894920066346,22395.365495945898,2.0,Plus,Centro,Sí,0
106.23520840478133,17478.070125475773,5.0,Plus,Sur,Sí,1
34.59952168230211,20017.24565352286,0.0,Básico,Norte,Sí,0
38.839379348547475,26009.846520371728,2.0,Premium,Norte,Sí,0
29.765443277795328,40476.9126514759,0.0,Premium,Norte,No,1
22.662428866479477,28579.30117138602,2.0,Básico,Norte,Sí,1
44.803613620710756,21116.91051262226,1.0,Plus,Sur,Sí,0
41.73775686507721,8757.340507917732,2.0,Básico,Sur,Sí,0
30.474727565956304,31397.15130343804,4.0,Plus,Centro,Sí,1
38.17554324743176,27015.346656677324,3.0,Básico,Norte,No,0
39.5585173709496,31121.350321809598,2.0,Básico,Centro,Sí,0
57.86577278198912,23696.191021815226,4.0,Básico,Sur,No,0
21.829240800645206,29711.372776784185,3.0,Plus,Norte,Sí,0
37.13102676112936,30457.914913720462,2.0,Básico,Centro,Sí,0
28.43147986249678,18967.08264464402,,Básico,Centro,Sí,0
42.386319507904766,,0.0,Básico,Sur,Sí,0
63.62652389819826,29449.03937752943,0.0,Básico,Sur,Sí,0
51.64523169426203,16211.151656639,1.0,Plus,Norte,Sí,1
29.88204395820673,21184.86458909211,1.0,Básico,Norte,No,0
67.20029038064592,17233.470801058298,,Básico,Centro,Sí,0
39.6457463062147,14006.096354464125,2.0,Básico,Centro,No,0
47.63374618611437,17611.778375882343,1.0,Básico,Sur,Sí,0
54.855895910490034,32359.29172056599,1.0,Premium,Norte,No,0
44.00070909302642,14466.160927396411,3.0,Básico,Norte,Sí,0
50.45335359919207,19403.083306450793,0.0,Básico,Sur,Sí,0
40.43951103480442,27695.39686737126,2.0,Plus,Centro,No,1
32.244404520572076,25692.595915841634,4.0,Premium,Sur,Sí,0
57.315579691941004,16097.52852119001,1.0,Básico,Sur,Sí,0
42.63266739902451,15411.148415387477,2.0,Básico,Centro,No,0
31.26170481247648,21315.566203918883,5.0,Plus,Sur,Sí,0
31.00471111170321,19523.195962894017,2.0,Plus,Norte,Sí,0
43.42900743414041,11651.705915047633,1.0,Básico,Centro,Sí,0
38.10984611439488,29854.469978169385,2.0,Plus,Norte,No,0
40.68746672959221,32711.13021050361,1.0,Básico,Norte,Sí,0
46.98890562848603,17418.163537233733,0.0,Plus,Norte,No,1
22.931956828312085,14915.353299226688,3.0,Básico,Sur,Sí,0
46.18840223458986,19883.98163641835,5.0,Básico,Norte,Sí,0
49.65567596261194,,2.0,Básico,Centro,Sí,0
35.712644142237636,31657.2090834634,0.0,Básico,Centro,No,0
48.44884708191676,27394.308427778113,2.0,Plus,Sur,Sí,0
39.82845865518432,112017.61351625681,1.0,Plus,Sur,Sí,0
42.68187138853204,25710.455297901302,4.0,Básico,Centro,No,0
43.96032184317082,26140.992238498155,4.0,Básico,Norte,Sí,0
24.437573641693575,24753.78873098736,0.0,Básico,Centro,Sí,1
23.392266898733176,15680.479711709364,2.0,Básico,Norte,No,0
34.29197005179947,30965.891470787006,1.0,Premium,Norte,Sí,0
36.1227364654234,23670.619768989982,2.0,Plus,Norte,No,0
36.93648092918489,23485.508824938177,4.0,Básico,Sur,No,1
37.6795679606303,34096.53527253386,1.0,Básico,Norte,No,0
25.99248796499289,,1.0,Premium,Centro,Sí,0
23.01655680564513,26336.19766465176,5.0,Plus,Norte,Sí,1
19.341448689176904,,3.0,Básico,Sur,Sí,0
33.62694242292318,23666.855348792345,1.0,Plus,Sur,Sí,0
42.667343314377376,28428.012310134243,2.0,Básico,Centro,Sí,0
19.24015555135852,24912.348665428268,2.0,Básico,Centro,No,0
13.91621151081819,20149.872027205405,0.0,Básico,Norte,Sí,0
18.412361230603093,44682.63581764983,4.0,Básico,Norte,No,0
31.296804112800526,33619.85267123769,1.0,Premium,Centro,No,0
33.13090760973451,18282.521152339374,2.0,Plus,Centro,No,0
14.1729277938582,34652.322501942006,3.0,Plus,Sur,No,0
33.521078420522144,28812.17528778511,,Plus,Centro,Sí,0
40.21605249733547,18831.62562187296,3.0,Plus,Sur,Sí,0
25.74286480437722,24390.184341066903,4.0,Plus,Sur,Sí,0
29.69934531950421,24499.62199948033,1.0,Premium,Sur,No,1
25.936752226028148,24064.106590589286,1.0,Básico,Norte,No,0
53.60525841648766,36023.62910334168,0.0,Básico,Norte,Sí,0
50.22691055516613,,1.0,Plus,Sur,Sí,0
33.314809071584385,27145.323476780737,0.0,Plus,Norte,Sí,0
53.17081315192583,15428.777159921015,1.0,Plus,Norte,No,0
33.823990165781474,26732.21907266012,2.0,Plus,Centro,Sí,0
40.290102958495346,32707.661797175984,0.0,Básico,Centro,Sí,0
37.56913217680893,35951.36744086222,0.0,Básico,Norte,Sí,0
27.949287234686437,33830.533721176515,0.0,Básico,Norte,Sí,0
33.76235293094047,32855.91641018814,4.0,Básico,Sur,Sí,0
36.485747456458874,19576.268357523084,2.0,Premium,Sur,Sí,0
40.6721049606913,11638.863078571301,1.0,Plus,Centro,Sí,0
32.81157736049296,39520.53249069554,0.0,Básico,Sur,No,0
35.88523124056403,26763.44582023748,0.0,Plus,Sur,Sí,0
31.669396465650173,15933.463003708439,4.0,Plus,Norte,Sí,0
33.493530718794155,30078.685084081975,4.0,Plus,Centro,Sí,0
39.23488960861783,20785.139403836773,0.0,Plus,Norte,Sí,0
32.36536036631918,32573.84701559814,1.0,Plus,Sur,No,1
54.590656305599225,29071.640319620194,1.0,Plus,Sur,Sí,0
34.755244631979004,27604.678202710664,3.0,Básico,Sur,Sí,0
27.369397066479436,,2.0,Plus,Sur,Sí,0
161.76397089518306,29660.945004130295,3.0,Plus,Sur,Sí,0
32.807536409625094,17808.953688961585,2.0,Plus,Sur,Sí,0
14.582414615509549,118451.51197234212,5.0,Premium,Norte,No,1
69.54724864097845,23860.193487820132,1.0,Plus,Centro,Sí,1
31.868323201543255,27263.699739893862,2.0,Básico,Centro,Sí,0
11.188467290249896,27446.982089499415,0.0,Básico,Centro,Sí,0
21.12783086076375,44873.29224933278,2.0,Plus,Norte,No,0
43.83869439360824,19641.754734095783,1.0,Premium,Centro,Sí,0
33.86234217560744,35855.87419457226,4.0,Básico,Centro,Sí,0
16.37939844084412,,2.0,Premium,Sur,Sí,0
40.18792709684623,34104.10863186908,2.0,Premium,Sur,Sí,1
45.70607088452702,41035.624042988326,1.0,Básico,Centro,Sí,0
50.98207892927479,20672.878159438413,0.0,Básico,Sur,Sí,1
37.579272655301814,,2.0,Básico,Norte,Sí,0
26.376392379136384,24350.599055000388,2.0,Básico,Norte,No,1
29.506976851850204,41363.828705927815,1.0,Premium,Norte,Sí,0
30.358518108940338,,1.0,Premium,Norte,Sí,0
47.61013003241012,25160.320161498723,2.0,Básico,Norte,Sí,1
32.8767863430506,26373.84162340125,3.0,Básico,Norte,No,0
31.000688113898036,26419.275560679314,1.0,Básico,Sur,Sí,0
22.962136612478304,21689.21276094943,1.0,Básico,Sur,Sí,0
53.73560265567282,35598.66615881336,1.0,Plus,Norte,No,1
33.784230748417954,23887.26411292964,3.0,Básico,Norte,No,0
36.20401125577721,24750.296454032854,3.0,Básico,Norte,Sí,0
37.89206137860309,8352.47129664469,3.0,Básico,Centro,Sí,0
47.38062454265478,18495.857796816235,1.0,Plus,Norte,No,0
53.122585747272446,15209.450455671044,0.0,Básico,Sur,Sí,0
46.80592757182716,22297.81355962344,1.0,Plus,Norte,Sí,1
20.597065518205962,18475.959259181236,2.0,Premium,Sur,Sí,1
15.563555646477745,13017.393330095467,1.0,Básico,Centro,Sí,0
48.92472755448636,20957.72401770897,5.0,Básico,Centro,Sí,1
45.711763823756385,29510.245690461896,0.0,Premium,Centro,Sí,0
20.10054634919765,32403.676071003494,0.0,Premium,Sur,Sí,0
33.39554791810115,20231.62650191549,1.0,Premium,Sur,Sí,0
22.932616151697207,16938.46577667686,4.0,Plus,Norte,Sí,0
54.5936551777953,162381.62072788717,4.0,Premium,Centro,No,1
49.08542954683963,28928.092840595877,3.0,Plus,Norte,Sí,0
39.94448417122345,32006.798312871982,0.0,Básico,Centro,Sí,0
35.76516726617992,20487.317660912442,1.0,Básico,Norte,Sí,1
27.918451094638492,29973.635836295518,3.0,Básico,Centro,No,0
29.646588936836466,31583.847895385727,3.0,Plus,Sur,No,0
13.275307381977111,23347.816742539864,1.0,Básico,Norte,No,0
34.543883743268715,13535.790499872921,5.0,Plus,Sur,Sí,0
39.348280321878384,31903.105009474886,4.0,Plus,Centro,Sí,0
45.264477955535305,34253.25342417914,1.0,Premium,Norte,Sí,0
34.971139514494865,27446.766550451866,3.0,Básico,Norte,Sí,1
36.014734213800274,17092.04079551036,0.0,Premium,Norte,No,1
56.5220605428959,33602.29012073815,2.0,Básico,Centro,Sí,0
26.883121041106087,17499.22757560995,1.0,Premium,Centro,No,0
11.965418501877377,22876.37177839455,3.0,Básico,Sur,Sí,0
26.08354565425006,25471.19113078459,5.0,Básico,Sur,Sí,1
28.325365072121784,23146.30047152539,3.0,Básico,Norte,No,0
90.26329057118411,21055.788296192644,,Básico,Sur,Sí,0
41.82472481000212,26632.88056301979,2.0,Básico,Sur,No,0
40.78167373860723,12650.837762073796,0.0,Básico,Norte,No,0
41.12801828492226,28547.442355151536,6.0,Básico,Centro,Sí,0
31.903823211819436,35008.53796606616,1.0,Básico,Norte,Sí,0
24.326787219312802,24100.560391353578,1.0,Premium,Centro,Sí,0
67.7560799859053,36067.00444450079,3.0,Básico,Centro,Sí,0
37.01080489918739,37299.26864675277,1.0,Básico,Sur,No,1
54.85027063739709,22876.8546528567,3.0,Básico,Centro,Sí,1
38.537872543730714,25741.096064547768,1.0,Plus,Sur,Sí,0
45.292788129725466,34105.03501716034,3.0,Básico,Norte,Sí,0
48.71315980938056,16925.804457402766,1.0,Básico,Centro,No,0
12.722892684453402,34429.098372419816,2.0,Básico,Sur,No,1
28.971282723468256,7571.221030630542,2.0,Básico,Sur,No,0
53.182610900490914,23330.248338665686,1.0,Básico,Centro,Sí,0
44.499534227364094,18985.983370609036,2.0,Básico,Sur,Sí,0
29.28889600771057,,1.0,Plus,Sur,No,0
25.712737363187536,21039.214059556296,0.0,Básico,Sur,Sí,0
25.66359192080786,18473.554840808476,2.0,Básico,Sur,Sí,0
50.13348352675018,24718.788996679938,1.0,Plus,Sur,Sí,0
52.946933597326,29747.688360637098,1.0,Básico,Sur,Sí,1
52.46204408120107,11482.87572847221,,Básico,Sur,Sí,0
43.94724125623863,24824.4072382199,1.0,Básico,Sur,Sí,0
28.69103430010157,32098.05388429917,1.0,Plus,Centro,Sí,0
31.345127005828534,40536.31346932583,3.0,Básico,Sur,Sí,1
20.593267985056393,19621.80925971547,1.0,Básico,Sur,Sí,0
39.362298449879994,,2.0,Básico,Sur,No,0
31.825199967429498,20023.015584193352,0.0,Plus,Norte,Sí,0
29.519445576267472,33889.76417904446,1.0,Plus,Centro,No,1
29.128103208166266,33224.62645578989,2.0,Plus,Centro,Sí,0
35.71739507698165,21315.342768632963,2.0,Básico,Sur,Sí,0
31.078920216189367,28529.26703286024,,Básico,Centro,Sí,0
47.63873799107486,5770.771909760708,0.0,Básico,Sur,No,0
54.347962593392225,27506.91930709899,5.0,Básico,Norte,Sí,0
47.46524297214837,28886.35864603336,2.0,Básico,Centro,Sí,0
36.587813426674565,25408.04781646011,1.0,Básico,Sur,Sí,0
55.05476284945107,26572.491820513682,3.0,Premium,Centro,No,0
39.26333771367045,19809.923345764233,3.0,Básico,Norte,Sí,0
31.35047921805924,29080.038655606168,0.0,Plus,Norte,No,0
37.13590633572913,23966.20247358878,5.0,Plus,Sur,Sí,1
34.126546687501495,22338.640516330786,1.0,Básico,Norte,Sí,1
45.274534115542856,23178.889082897396,6.0,Plus,Centro,Sí,0
10.804725347911695,12664.906732572696,2.0,Premium,Sur,Sí,0
45.80828632241766,6767.60320861025,0.0,Plus,Norte,Sí,0
26.33675162729562,14052.8488243326,1.0,Básico,Sur,Sí,0
53.93177507536218,19746.19755395276,2.0,Básico,Sur,Sí,0
48.11375683034653,,1.0,Básico,Sur,Sí,0
37.37628319181772,21716.035053181287,0.0,Plus,Sur,Sí,1
45.80924035869433,26562.388147342168,2.0,Plus,Centro,Sí,0
19.035861761990137,27604.52874972781,2.0,Plus,Sur,Sí,0
31.838857712126117,48303.34631422789,3.0,Básico,Sur,No,0
37.313589098793614,24460.303944176143,4.0,Premium,Centro,No,0
45.7547983475411,27743.142588035364,1.0,Básico,Centro,Sí,0
29.73224737874199,,,Básico,Norte,Sí,0
52.55696580838138,11620.160919771553,1.0,Básico,Sur,No,0
30.363014382112695,25552.74775523567,2.0,Premium,Centro,Sí,0
33.76069920105551,35513.0763718543,3.0,Plus,Centro,Sí,0
38.445505244542076,25932.157308749327,4.0,Premium,Sur,Sí,0
32.084732704006484,28336.544470991277,3.0,Plus,Sur,No,0
31.65291093348032,31834.83625855405,1.0,Plus,Sur,Sí,0
38.04148236624728,21281.629258083252,0.0,Plus,Centro,Sí,0
52.384663939142904,33044.11884162116,2.0,Básico,Sur,Sí,1
31.611477887815717,40963.79642661182,3.0,Plus,Sur,Sí,0
34.21443028278592,20589.857818964963,1.0,Básico,Centro,No,0
46.98639488169992,23897.712145044465,1.0,Plus,Centro,Sí,0
50.44833388775165,13513.808740792447,0.0,Premium,Sur,No,1
34.24485257214834,25436.431362247175,2.0,Básico,Norte,Sí,0
38.35191851375574,35211.94800495841,3.0,Básico,Centro,Sí,1
44.0253453698179,,2.0,Plus,Norte,Sí,0
71.56571576421841,30017.000059408132,7.0,Básico,Norte,Sí,0
22.901674060084332,31837.089583208926,5.0,Premium,Centro,Sí,0
14.186867640572054,28978.855639326746,1.0,Básico,Norte,Sí,0
37.520421336079366,6450.238257979661,4.0,Básico,Sur,Sí,1
7.743951131343401,16590.90886036998,2.0,Básico,Sur,Sí,0
52.29562288532744,15729.405505926048,2.0,Básico,Norte,Sí,0
31.785996820544973,20351.634764067567,3.0,Plus,Norte,Sí,0
29.184408098821628,22534.86037816914,2.0,Plus,Centro,Sí,0
49.47046020239995,,3.0,Premium,Centro,No,0
34.77640791540969,24589.52062867181,1.0,Básico,Centro,Sí,0
35.984044695116225,26961.272093193642,2.0,Plus,Centro,Sí,0
26.46192436681548,27298.558456760842,3.0,Básico,Centro,No,0
64.43759527727353,24553.167141358805,3.0,Plus,Sur,Sí,0
37.72076117007383,,4.0,Plus,Sur,Sí,0
25.542951321143306,27272.68114108104,1.0,Premium,Norte,Sí,0
23.38933442845519,19826.072898845294,2.0,Premium,Centro,Sí,0
25.837335249663518,27623.353024371852,5.0,Premium,Sur,No,0
19.784988474892327,31888.51255083862,4.0,Plus,Norte,Sí,0
32.03860903607124,31852.3977173895,3.0,Básico,Centro,Sí,0
30.56648411905305,22397.453239248553,2.0,Premium,Centro,No,0
22.836709751525625,36841.902982726664,1.0,Premium,Norte,No,0
44.676117216073855,32982.53130762002,2.0,Básico,Sur,No,0
34.54108639967016,23942.207479973535,1.0,Básico,Sur,Sí,0
20.588067723648937,28530.378234655807,1.0,Plus,Norte,Sí,0
33.09129791404731,30542.20246702503,4.0,Básico,Norte,Sí,0
2.7999404467217843,178689.60064541874,0.0,Premium,Sur,Sí,0
43.63078576737917,23198.12889867337,1.0,Básico,Centro,No,0
47.81768472686746,-561.6977846025475,1.0,Premium,Sur,Sí,0
24.889102417076156,15121.923166633751,2.0,Básico,Norte,Sí,0
24.031182028994316,32077.353902032824,1.0,Básico,Norte,No,0
30.065333529203293,25754.93534502464,5.0,Plus,Centro,Sí,0
64.95300255022974,20598.779623767437,3.0,Básico,Sur,Sí,0
46.3989662192046,4450.148274052062,3.0,Premium,Sur,Sí,0
39.92917227354173,14449.157086741632,1.0,Premium,Sur,Sí,0
41.147044491118216,23834.32526768213,1.0,Básico,Centro,Sí,0
47.738084028517136,27941.741016559263,3.0,Plus,Centro,Sí,1
46.673279000022035,40585.5014722392,1.0,Plus,Sur,No,0
34.961413598257145,8536.10045978946,4.0,Básico,Norte,Sí,0
38.20792104055253,29454.151163384562,2.0,Básico,Centro,Sí,0
66.82389632656407,15985.181237267088,5.0,Básico,Centro,Sí,0
24.64676041473774,22987.213444269677,1.0,Básico,Centro,No,1
22.42866414043626,24933.62868070176,5.0,Plus,Centro,Sí,1
42.509899833015666,30610.348937641495,4.0,Básico,Sur,Sí,1
32.4128643873245,28463.506431673173,2.0,Plus,Norte,No,0
14.915946093153956,37731.99273225892,3.0,Premium,Sur,Sí,0
15.555096463126905,39369.185572599716,3.0,Básico,Centro,No,0
21.670356148323656,37445.18382867289,3.0,Plus,Norte,Sí,0
39.97560966771562,19193.41369448676,3.0,Básico,Norte,Sí,0
47.10751503744781,19057.93637052133,2.0,Plus,Centro,Sí,0
44.770142931542935,29850.262539470074,2.0,Básico,Centro,Sí,0
35.3972897244145,14057.186660295796,1.0,Básico,Sur,No,0
36.32699600916017,34721.46163967144,3.0,Básico,Centro,Sí,1
38.664897464295066,36331.49529751027,3.0,Básico,Norte,No,0
44.19955827763699,29044.449993999966,0.0,Básico,Norte,Sí,0
45.2423860401993,27971.085867376114,2.0,Básico,Centro,Sí,1
16.588207730591236,24019.238525824672,2.0,Básico,Centro,Sí,1
32.642820129131536,29284.736781623644,2.0,Plus,Norte,Sí,0
29.27907868236415,34720.76635111145,5.0,Plus,Norte,No,0
36.73635970963515,,4.0,Básico,Sur,Sí,1
55.8785863737411,22193.645990011068,1.0,Plus,Norte,Sí,0
28.194214498949687,4175.3759110275205,3.0,Plus,Norte,Sí,0
28.143297350375825,9725.223517260616,3.0,Plus,Sur,No,0
51.25492408713079,27791.370147232614,2.0,Básico,Norte,No,1
27.984988595138923,,2.0,Plus,Centro,No,0
66.49484271614918,22767.44328108675,3.0,Básico,Norte,Sí,0
54.96435315969688,34670.24043034896,1.0,Básico,Sur,No,0
35.387865338561426,21175.57913409511,2.0,Básico,Sur,Sí,0
43.56062930009682,24765.899100800125,3.0,Básico,Norte,Sí,0
42.67241093144737,17730.391389577162,,Plus,Sur,Sí,0
14.151149090938581,7836.66433690655,1.0,Premium,Centro,Sí,1
55.89541743064333,26213.668195686274,1.0,Premium,Centro,Sí,0
25.798833017073477,33904.360291338744,1.0,Básico,Norte,No,1
30.333273926126534,43672.21393032947,2.0,Plus,Centro,No,0
43.3460663821172,12050.995647181606,2.0,Plus,Norte,Sí,0
37.59670783434568,15672.527961211943,0.0,Básico,Sur,No,1
20.567964033450732,,1.0,Básico,Centro,No,0
27.5854616099221,14658.763642507149,3.0,Plus,Sur,Sí,0
53.994808519648686,35173.050383506146,1.0,Básico,Sur,Sí,0
51.06768250424689,19423.906777671644,3.0,Plus,Centro,No,0
25.459752349566195,27785.077875379167,0.0,Plus,Sur,No,0
49.34416130304173,21715.748095184965,2.0,Plus,Norte,Sí,0
30.870489132817774,22505.081894683957,1.0,Plus,Norte,Sí,0
72.49020097220739,24447.174312937528,2.0,Básico,Centro,No,0
54.71873910058336,45064.43675985574,0.0,Básico,Centro,No,0
22.08105385975418,39343.92427363753,,Premium,Norte,Sí,0
53.05926960853582,8667.055658727726,1.0,Básico,Centro,Sí,0
23.57152779451749,36148.5477619752,4.0,Básico,Norte,No,0
20.03293584597272,29987.26081706943,3.0,Premium,Sur,Sí,1
25.632374273164146,25728.967823464725,1.0,Básico,Norte,Sí,1
24.544659996088278,45591.494153056636,0.0,Premium,Centro,No,1
44.21173605021049,,0.0,Plus,Norte,No,0
39.310311105161475,21191.731049427508,5.0,Plus,Norte,Sí,0
40.32802820469033,24838.320133264475,3.0,Básico,Sur,Sí,0
28.683058565101486,26807.98422710588,2.0,Premium,Norte,Sí,0
53.19480714840638,24680.176818152544,0.0,Plus,Sur,Sí,0
41.61336472961851,27701.679830631114,1.0,Plus,Centro,No,0
33.827497800253056,14743.059671982479,3.0,Básico,Sur,Sí,0
41.9669734398839,23485.137839031006,0.0,Básico,Centro,No,0
24.03768495387233,25932.351976802907,3.0,Básico,Centro,Sí,0
39.33663185710752,33132.30190102913,6.0,Básico,Norte,Sí,0
35.15466708285428,14947.146110404368,2.0,Plus,Norte,Sí,0
31.079027911070572,28630.128038971612,5.0,Básico,Centro,Sí,0
23.346706954511184,21921.97078831107,1.0,Plus,Norte,Sí,0
51.80934836361914,26805.398419719615,2.0,Básico,Norte,Sí,0
55.10190711230286,26944.951661756073,0.0,Premium,Centro,Sí,0
34.1754871995035,12794.491530420763,3.0,Plus,Norte,Sí,0
31.264080058392217,33676.64054305155,1.0,Premium,Centro,Sí,0
35.944611501945,29338.227704263973,3.0,Plus,Norte,Sí,0
42.65695569363474,45818.68192114496,1.0,Plus,Centro,Sí,0
45.77652323969506,22100.597567551482,2.0,Básico,Norte,Sí,0
35.264441813761216,27924.556629719926,1.0,Plus,Sur,Sí,0
47.9524432654938,28164.31199468886,2.0,Básico,Sur,No,1
49.144198649585974,23727.266033457745,0.0,Básico,Sur,Sí,0
27.666087097716556,20489.190909559973,2.0,Plus,Sur,No,0
39.11905732747431,31657.38597003582,1.0,Plus,Sur,Sí,0
48.96607278003977,27720.281501220026,2.0,Plus,Centro,Sí,0
36.006081820638,29006.60595707346,3.0,Premium,Centro,Sí,0
37.904085788211475,31023.681865741615,3.0,Básico,Centro,No,0
41.33043021798433,20501.001620053674,4.0,Plus,Centro,Sí,0
32.54701945801669,28674.510331008765,2.0,Premium,Norte,Sí,1
34.53250190661316,22625.518312881017,3.0,Básico,Centro,Sí,0
48.42462003419898,15147.075248996902,2.0,Básico,Sur,Sí,0
26.0477122857042,17625.77808981116,2.0,Premium,Centro,Sí,0
53.38418723057884,24445.841591934033,4.0,Básico,Sur,No,0
29.490696211281413,22669.610952273324,0.0,Plus,Norte,Sí,0
36.42315682886483,26375.267798203447,2.0,Básico,Centro,Sí,0
13.238854990723102,14067.485333326491,2.0,Básico,Norte,No,0
63.357730645595375,34755.9819324126,2.0,Premium,Norte,Sí,0
54.54265173763042,17964.990888089138,,Básico,Centro,Sí,0
58.77728108038559,26380.617360343553,2.0,Plus,Centro,Sí,1
35.05684462572266,9031.680595878346,3.0,Básico,Norte,Sí,1
20.78410551718366,22866.81869182103,1.0,Plus,Sur,Sí,0
28.601256681167037,27311.014080792367,0.0,Plus,Centro,Sí,0
20.09909080881886,22219.59853890297,5.0,Premium,Centro,No,0
41.56834582380631,22116.75244423392,2.0,Básico,Sur,Sí,0
41.99105753001256,25869.54394263642,1.0,Básico,Norte,Sí,0
36.31250665981255,25231.230795248277,1.0,Premium,Sur,Sí,0
43.00480865765193,26716.035775000364,3.0,Básico,Centro,Sí,1
30.014938599338905,14914.30073915877,1.0,Básico,Sur,No,0
23.217352230161385,23104.412609061692,,Plus,Sur,Sí,0
33.28840021851909,21842.304039111797,2.0,Básico,Centro,Sí,0
36.409393676992096,22562.97247976822,4.0,Básico,Norte,No,0
39.50353227416778,20549.842595999893,2.0,Premium,Norte,Sí,1
38.48127332288478,29644.355331898492,1.0,Premium,Norte,Sí,0
21.806279374152687,22809.360368386624,1.0,Plus,Centro,No,1
43.83222290433902,30653.089890822597,3.0,Plus,Centro,Sí,0
12.649724887411075,22046.488040038734,2.0,Plus,Sur,No,0
41.4311007973126,23445.33435858936,2.0,Básico,Sur,No,0
42.85163472829217,23828.47623287892,3.0,Premium,Sur,Sí,0
54.02560682202096,13904.696834365564,3.0,Plus,Centro,Sí,0
60.96664527732849,36122.51198913446,2.0,Premium,Centro,Sí,1
25.76081796395966,12243.382045032366,2.0,Básico,Norte,Sí,1
33.87962572273655,10491.962095152569,2.0,Básico,Centro,Sí,0
28.533447791024003,15006.744348383625,4.0,Plus,Sur,No,0
24.658780185773033,14350.739525977573,4.0,Plus,Sur,Sí,0
23.705977281915292,39467.29414374539,2.0,Básico,Norte,No,0
44.26898185759594,25251.12310282149,3.0,Plus,Sur,No,0
35.25199196421718,26772.19742540609,0.0,Básico,Centro,Sí,0
24.706686428851718,20528.46699054115,2.0,Básico,Sur,Sí,0
44.639725369731465,18824.655047221917,1.0,Premium,Sur,Sí,0
26.34377469587752,32683.066204208048,2.0,Premium,Sur,No,0
27.57494715830463,15852.934291470907,1.0,Plus,Sur,Sí,0
31.88194556792331,29547.105644455103,4.0,Plus,Norte,No,0
15.310031674800417,30161.980472875915,4.0,Plus,Centro,No,0
37.70024887878938,28743.10790432588,3.0,Básico,Norte,Sí,0
20.390105677567995,29885.37405672201,2.0,Básico,Centro,Sí,0
35.19968024001943,9169.292638539433,2.0,Básico,Centro,Sí,1
38.52121704355038,29168.980660500773,0.0,Básico,Norte,No,1
19.807207457192224,18039.16835561547,0.0,Básico,Centro,Sí,0
50.12785650430932,24006.67594028336,1.0,Premium,Centro,No,1
50.872210909135006,30550.292632519137,2.0,Básico,Norte,Sí,0
21.207554840957894,19039.800529121276,2.0,Básico,Sur,No,0
16.634174298847743,28083.373439282117,5.0,Plus,Sur,Sí,0
37.76691690568109,32086.015961673773,1.0,Plus,Sur,Sí,0
43.06739993017167,28186.89471324857,1.0,Plus,Sur,Sí,0
25.385213384644917,25851.580204622755,,Básico,Norte,Sí,0
14.017968021792957,,2.0,Plus,Centro,Sí,0
57.909799501865486,21232.30920809424,1.0,Premium,Sur,No,0
53.42883745136818,26987.53713348274,3.0,Básico,Sur,No,0
60.66813880465082,28471.45491317705,4.0,Básico,Sur,No,0
51.81638065585676,23619.73202100595,4.0,Plus,Sur,Sí,0
55.58442448414485,16213.574592053008,2.0,Plus,Centro,Sí,0
53.42492842462159,12741.83312008752,2.0,Premium,Centro,Sí,0
15.754148422383253,23851.720580017467,1.0,Básico,Centro,No,0
50.446306287293126,39976.35718272955,4.0,Plus,Sur,Sí,0
46.154191600194096,20927.92347750145,4.0,Básico,Sur,Sí,0
22.837596996422956,22726.945910946237,3.0,Básico,Norte,Sí,1
26.854522507733396,32136.687308807726,1.0,Básico,Sur,Sí,0
54.61475460165107,30655.72930443597,3.0,Básico,Norte,Sí,1
41.67481693510204,22500.29022735435,4.0,Plus,Centro,Sí,0
35.99186998390241,29258.281156779856,1.0,Básico,Sur,Sí,0
17.951006414695346,23995.5618825735,3.0,Básico,Centro,Sí,0
28.64162338621808,14154.330118419306,0.0,Premium,Centro,Sí,0
49.0345075555949,18476.081387354032,3.0,Básico,Centro,Sí,0
28.41767606956313,22051.972270850543,5.0,Premium,Sur,Sí,1
37.66278341514107,31005.523759330543,2.0,Básico,Centro,Sí,1
30.15467211551097,21665.430654818378,1.0,Básico,Centro,Sí,0
18.198972357755363,12357.543134736916,2.0,Básico,Norte,Sí,0
19.184146798778045,16627.34088669075,2.0,Premium,Centro,Sí,1
30.56529761487092,23875.05331704373,0.0,Básico,Sur,Sí,0
39.396257964154344,24547.91519679808,1.0,Básico,Centro,Sí,0
56.65203284053192,,1.0,Premium,Sur,No,0
54.88108251984676,27381.48399830035,0.0,Plus,Norte,No,0
30.548321530163008,40918.55326056383,3.0,Básico,Norte,No,0
32.775227082183214,,1.0,Básico,Centro,No,1
46.74586455926662,19290.11687119546,2.0,Básico,Norte,Sí,1
28.43815473026867,32916.29386594281,,Básico,Centro,Sí,0
36.120168680645165,27760.455601937167,2.0,Básico,Norte,Sí,1
48.32565044896204,20685.12958391324,4.0,Básico,Sur,Sí,1
35.162615042891694,37727.89467495143,4.0,Plus,Sur,Sí,0
45.362507210289564,25949.603283161738,2.0,Básico,Sur,Sí,1
53.47677537497509,30476.8347638708,2.0,Premium,Norte,Sí,1
41.57108271622884,22558.250348074394,1.0,Básico,Centro,No,0
41.92485750912211,25273.94924087333,2.0,Premium,Sur,Sí,0
35.58968081133524,29422.236587739353,1.0,Premium,Centro,Sí,0
3.141274757050141,8058.718814194013,1.0,Premium,Centro,Sí,0
29.344326066208765,,1.0,Plus,Norte,No,1
49.510877068445396,24039.52846406662,4.0,Plus,Norte,Sí,1
30.82921109548763,24384.002225992866,5.0,Básico,Sur,Sí,0
37.750511277493246,24943.46330287707,1.0,Premium,Norte,No,0
41.186332421756056,29366.03552303609,1.0,Plus,Norte,Sí,0
41.55354840428593,14130.338720562133,1.0,Premium,Sur,No,1
42.510038675162086,12733.027414567348,3.0,Básico,Norte,Sí,1
57.44932842570179,34795.07148985338,0.0,Básico,Sur,No,0
34.12242615579044,15192.610799714002,1.0,Básico,Norte,Sí,1
24.955608349440183,17680.36363281008,7.0,Básico,Norte,Sí,0
26.088483834208898,27124.003631124957,2.0,Plus,Centro,Sí,0
32.77883140711265,24425.582526092287,1.0,Premium,Centro,No,0
36.27817138635017,14512.137912824594,1.0,Plus,Centro,Sí,1
17.77330678069621,,1.0,Premium,Sur,Sí,0
35.699995656847435,16911.700391794147,3.0,Básico,Norte,Sí,1
26.66880701249515,33548.54964726886,2.0,Básico,Sur,No,1
49.08520370101875,22293.23781456913,0.0,Básico,Norte,Sí,0
26.425275043152524,26474.169476733307,1.0,Premium,Centro,Sí,0
31.569888355330136,17764.987481128017,1.0,Básico,Centro,No,0
43.323334549108466,19200.428364308245,0.0,Básico,Sur,No,0
18.5928088699566,,2.0,Básico,Norte,No,0
29.918508381303177,19171.389217379263,1.0,Básico,Centro,Sí,0
36.754504624007836,16336.876304784335,3.0,Plus,Sur,No,0
29.845952407021226,17862.489089920888,6.0,Básico,Centro,Sí,0
27.92523003654634,41699.89862038571,3.0,Premium,Centro,Sí,0
60.70094625993005,97607.45083491743,0.0,Básico,Sur,No,0
12.613018263410407,18150.84414778565,1.0,Premium,Centro,Sí,0
27.861030221664695,-1153.9234153030775,1.0,Básico,Centro,No,1
39.62580424164332,32620.492974507895,3.0,Básico,Norte,No,0
46.69562743387132,39174.27675192501,1.0,Plus,Norte,Sí,0
42.753706265107326,37137.03956045187,5.0,Plus,Centro,No,0
35.99013232752268,24533.023997852593,3.0,Plus,Sur,Sí,0
41.164650962954624,35218.21349959729,1.0,Básico,Centro,Sí,0
24.28567810334733,21653.362784732715,4.0,Premium,Norte,Sí,0
38.44613826040571,17883.896924525863,1.0,Premium,Sur,No,0
35.09930311756498,21163.726409092043,4.0,Básico,Sur,No,0
49.45345580470902,30538.080660206215,1.0,Básico,Centro,Sí,0
49.11465443299528,,1.0,Premium,Centro,Sí,0
43.490155224707614,27107.227277602204,3.0,Básico,Sur,No,0
45.97443375911914,22149.078354001205,2.0,Plus,Centro,Sí,0
43.013755800202944,28768.737648208833,0.0,Plus,Centro,No,0
17.018782439589693,23379.241869546622,,Básico,Centro,No,0
34.60120064070035,30528.76171018205,5.0,Plus,Centro,Sí,0
18.601982456608294,16619.97384394885,2.0,Básico,Sur,Sí,1
34.27490660969127,26441.406241319608,1.0,Plus,Centro,No,0
27.864162971439406,40152.29987791329,0.0,Plus,Centro,Sí,1
60.44026367884527,22961.714597818172,2.0,Básico,Norte,No,0
46.386071579445016,29899.32963844356,3.0,Premium,Norte,No,1
17.29719161580113,24808.82368266675,0.0,Plus,Sur,No,0
40.17337683307376,28104.207801627574,1.0,Plus,Sur,No,0
23.44799627570105,23174.240500455107,2.0,Plus,Centro,Sí,0
25.453082490977273,29540.259343142967,3.0,Básico,Norte,Sí,0
39.547186590741155,,6.0,Premium,Sur,Sí,0
58.45390371457407,23692.89962007633,2.0,Básico,Norte,Sí,1
42.87418264711871,21955.172498568478,2.0,Básico,Centro,Sí,0
28.96087187430965,46083.661951417365,2.0,Básico,Centro,Sí,1
33.177652902699194,19061.34831708284,2.0,Básico,Norte,Sí,0
41.114877923585254,40108.16919797864,0.0,Plus,Norte,Sí,0
49.69297803275302,19605.042299756482,2.0,Premium,Norte,Sí,0
30.11113469395944,18100.674345073392,2.0,Plus,Centro,Sí,0
54.38553758073108,29172.0145133523,1.0,Premium,Centro,Sí,0
36.5859142280872,21354.157924797473,0.0,Premium,Centro,Sí,0
26.489023134025253,22488.963741861353,2.0,Plus,Centro,Sí,1
30.118723220153136,38264.91349872543,2.0,Plus,Sur,No,1
48.737566818399216,31808.91346338704,3.0,Plus,Sur,No,0
29.16237047872675,17275.554707886,1.0,Premium,Centro,No,0
112.96176706422649,30595.60566149416,3.0,Premium,Centro,No,0
41.956056544512656,26853.12796130884,3.0,Plus,Sur,Sí,0
41.67609897570367,16059.590028283235,3.0,Premium,Centro,Sí,0
51.79620560364545,30789.905217308937,1.0,Plus,Centro,Sí,0
38.795005030077206,23295.05699651014,2.0,Plus,Centro,Sí,0
29.066308130496232,17045.47287564191,5.0,Básico,Norte,Sí,0
21.8920107162623,34930.10912195329,4.0,Básico,Centro,Sí,0
20.873648459984903,5483.790383184038,3.0,Básico,Centro,Sí,0
41.024672656083936,24427.285129974414,1.0,Básico,Centro,Sí,0
31.50474984217903,23099.92277876871,1.0,Plus,Centro,Sí,0
36.154525588437465,8231.837688546628,3.0,Plus,Sur,Sí,1
0.19662897486330166,23318.3361595783,4.0,Básico,Centro,No,0
19.4059070476803,36757.40805207637,2.0,Básico,Centro,Sí,0
26.172749642023554,29095.219828729973,3.0,Plus,Sur,No,0
31.936571373606334,21324.09113050741,2.0,Básico,Sur,Sí,0
58.29967913423323,26931.57215744558,1.0,Plus,Norte,No,0
30.921330785015257,33683.595948041984,5.0,Premium,Centro,No,0
40.462084288524,34869.273444183535,2.0,Premium,Sur,No,0
26.533812516913244,30975.094413772247,1.0,Premium,Norte,Sí,1
41.896374390640325,20629.346033640762,3.0,Básico,Centro,No,0
45.80378740471133,21212.756909618995,1.0,Básico,Norte,Sí,1
8.314185399047883,33711.232043708806,2.0,Premium,Sur,Sí,0
39.888006841475836,11220.801426882068,1.0,Plus,Norte,Sí,0
7.991651038267314,43465.06159773183,3.0,Básico,Sur,Sí,1
26.633866098780736,28463.213069289424,1.0,Básico,Sur,Sí,0
41.01810994720862,21341.202473543042,3.0,Premium,Centro,Sí,0
33.65961618623088,22368.20028273489,0.0,Plus,Centro,No,1
56.28093385073128,20743.382484343605,1.0,Básico,Centro,Sí,0
52.542275517335874,31609.242650783795,2.0,Plus,Sur,Sí,0
45.59634724149417,20320.97238512591,3.0,Premium,Centro,No,1
29.595326416118212,24497.763193817038,3.0,Plus,Sur,No,0
50.32347921582524,16790.290201150983,3.0,Plus,Centro,No,0
44.33140379159729,31784.318656837113,5.0,Plus,Sur,Sí,0
42.11262088289739,14429.771369996193,3.0,Plus,Sur,Sí,0
28.1869525372043,29399.206618177835,2.0,Básico,Centro,Sí,1
16.668937891999207,21658.185133905892,3.0,Básico,Norte,No,0
56.84781447874782,14675.956671690885,0.0,Plus,Sur,Sí,0
59.23918418891596,25970.385854173346,2.0,Básico,Norte,Sí,1
38.60587766776873,,1.0,Premium,Sur,Sí,0
23.478717831857818,22273.72717947771,1.0,Básico,Norte,Sí,0
38.888794046548455,28737.06575190096,2.0,Básico,Centro,Sí,0
45.4187993686405,23087.081421902407,1.0,Premium,Norte,Sí,0
54.420533191339416,17451.969697077373,0.0,Básico,Centro,Sí,1
37.93855136298794,30367.069079857618,4.0,Premium,Sur,Sí,1
49.54614015834191,38053.6390911048,1.0,Premium,Norte,Sí,0
46.866387341661905,23015.79019957138,4.0,Básico,Norte,Sí,0
42.2428787010992,23825.852081846515,2.0,Plus,Sur,Sí,0
32.41700596065448,23357.6355301773,1.0,Básico,Centro,Sí,0
30.34855150742146,26596.833652441863,3.0,Básico,Norte,Sí,0
39.19472543058985,21946.140880619903,,Básico,Centro,Sí,1
24.644447489250258,33700.67150776999,0.0,Premium,Norte,Sí,0
40.80164158104595,,4.0,Plus,Sur,Sí,0
33.359538758613134,40609.42451447863,3.0,Básico,Norte,Sí,0
33.5976350663697,12430.744779928089,1.0,Básico,Sur,Sí,0
36.1675690476406,28510.95678495519,3.0,Plus,Norte,No,0
52.98042808658998,21574.335157525686,1.0,Plus,Sur,Sí,0
46.20068075864689,35112.63435197117,2.0,Básico,Norte,No,1
31.34497754489857,27448.929961112277,1.0,Básico,Sur,Sí,1
51.22838378591881,11312.164893024677,3.0,Básico,Centro,Sí,0
29.980211440459286,23437.128991536727,4.0,Básico,Centro,Sí,0
34.47886286401133,42249.81147505347,1.0,Premium,Centro,Sí,0
54.02305120922955,22675.645622698492,0.0,Plus,Centro,Sí,0
36.95740194224854,33450.83963520748,1.0,Plus,Centro,No,1
33.785956219456594,25468.237737825522,1.0,Básico,Sur,No,0
43.32011922616096,22876.400373713746,1.0,Premium,Sur,Sí,0
36.90971754822117,25312.3648168298,1.0,Plus,Norte,Sí,0
40.096870376283654,11328.968967431449,2.0,Premium,Centro,No,0
56.67918049327828,11294.42392101015,1.0,Básico,Sur,Sí,0
47.64380445043919,34240.67691419423,3.0,Plus,Centro,Sí,1
43.45705199659702,26428.209328816203,4.0,Básico,Sur,Sí,0
42.14772716047681,23975.813851734845,1.0,Premium,Centro,Sí,0
50.19680529984343,40454.555280192326,2.0,Básico,Norte,Sí,1
44.38069275168076,23572.468575525738,3.0,Plus,Norte,Sí,1
20.599889256071954,38722.78533278986,1.0,Básico,Sur,Sí,0
35.0421079549649,20352.988780481035,2.0,Plus,Norte,No,0
44.12101165947733,21496.583286637622,1.0,Plus,Sur,No,0
12.526426389397496,18924.649956139932,5.0,Premium,Centro,Sí,0
11.746392285576981,27008.104581024836,3.0,Básico,Centro,Sí,0
29.462991898606894,,3.0,Plus,Centro,Sí,0
63.4512872510528,32534.574921458992,0.0,Premium,Centro,Sí,0
16.732880121088506,34445.05901065952,2.0,Básico,Sur,No,0
57.02894623665225,27419.360355818462,2.0,Plus,Centro,Sí,0
39.87156703767699,19983.627819082518,5.0,Básico,Centro,Sí,1
38.95350817247868,33956.06904391103,2.0,Plus,Norte,Sí,0
31.683398463655557,27168.819730649422,0.0,Básico,Sur,Sí,0
40.005716319631716,28357.722671819127,2.0,Plus,Sur,Sí,0
27.122855412384908,22403.72379024345,2.0,Básico,Centro,No,0
40.1234150656356,14925.235496990304,2.0,Básico,Sur,No,0
39.60848108170142,36144.61482321105,4.0,Básico,Sur,Sí,0
61.272391138378616,21385.238369384013,2.0,Básico,Sur,Sí,0
52.69614790795698,17058.456608890472,1.0,Básico,Centro,Sí,0
31.386545619499746,34983.307745303406,2.0,Plus,Norte,Sí,0
33.40462450376095,26281.888414603378,1.0,Premium,Norte,No,0
22.871156121968806,17211.948387118347,4.0,Básico,Sur,Sí,0
27.91330567322152,34802.08944234812,3.0,Plus,Centro,Sí,0
44.375208790314616,21302.457006300654,1.0,Plus,Sur,Sí,0
45.96983374672791,17303.729188022484,1.0,Plus,Norte,No,0
57.709037600045114,10822.504850869112,1.0,Básico,Sur,Sí,0
39.11004914051772,26066.01182731982,4.0,Plus,Centro,Sí,0
44.45322478000955,28460.325648145576,1.0,Básico,Sur,No,0
42.27863578295381,30689.36015775822,2.0,Premium,Centro,Sí,0
36.88916642461497,27900.02302356784,0.0,Plus,Sur,Sí,0
37.206391104655246,47715.54255215666,2.0,Básico,Centro,Sí,0
24.905252090946824,32143.29834260571,3.0,Plus,Sur,No,0
52.961257104408396,25075.781752564973,0.0,Plus,Centro,No,0
1.769387669990536,14758.934687927544,1.0,Plus,Sur,No,0
28.05817072512052,25264.064501084165,3.0,Básico,Centro,Sí,0
57.016078935405474,31921.55150926621,1.0,Plus,Centro,Sí,0
43.937548609607425,30770.39517551477,3.0,Básico,Centro,Sí,0
56.050008100005726,11913.676364516414,1.0,Básico,Sur,Sí,0
41.79766177735996,17037.469600515637,0.0,Básico,Centro,Sí,0
21.124965860881446,35871.76158757264,1.0,Plus,Sur,Sí,0
45.104373551565054,21244.692768472883,2.0,Básico,Centro,No,1
33.66584686135627,30204.475136417823,1.0,Premium,Centro,Sí,0
21.896137459437746,,5.0,Básico,Sur,Sí,0
41.90813982986501,24235.551071452002,2.0,Básico,Centro,Sí,0
51.32797861329479,12010.235741860055,2.0,Plus,Centro,Sí,0
45.29872336884232,18913.710256356357,0.0,Premium,Norte,No,0
25.00100856944545,26544.4530430141,4.0,Premium,Centro,Sí,0
29.891653072905545,38120.49613969152,0.0,Básico,Centro,Sí,0
31.18638592966117,40299.57015061568,2.0,Plus,Norte,Sí,0
47.49747940581695,11528.575951349792,5.0,Premium,Norte,Sí,0
38.225559444725114,19373.64563575197,2.0,Básico,Centro,Sí,0
21.885389582797718,,4.0,Plus,Norte,No,0
39.31645797538347,13881.038910593097,1.0,Premium,Norte,Sí,1
33.71310460203645,22810.587034864486,0.0,Premium,Centro,Sí,1
10.280213592234063,17947.626097508135,2.0,Plus,Centro,Sí,0
42.348001540017975,35477.557456658746,3.0,Básico,Norte,Sí,0
29.840396462655313,19123.320228309345,2.0,Básico,Sur,No,0
31.501391097822204,19974.750007516344,1.0,Básico,Norte,No,1
23.05232326973632,12676.451853146642,4.0,Plus,Centro,Sí,0
60.878405120156245,109588.74891342572,3.0,Básico,Sur,No,0
42.04314855582873,11948.477061657493,5.0,Básico,Sur,Sí,0
18.532227424059162,,5.0,Básico,Centro,Sí,0
40.722700245770255,21411.015046908637,2.0,Premium,Sur,Sí,0
28.93962073844567,41494.78194040779,2.0,Básico,Centro,No,0
35.41633368950268,27605.048420779465,2.0,Básico,Sur,Sí,0
40.07402934658379,35084.83997737913,3.0,Básico,Centro,No,1
46.599342792086304,36834.880853158,3.0,Premium,Norte,Sí,1
45.909049816114575,21405.977778237542,4.0,Plus,Centro,No,0
39.48336045797982,32195.401070115484,2.0,Plus,Centro,No,1
46.033232747574885,22576.277357313662,1.0,Premium,Centro,Sí,0
28.65127934951259,37839.72989552231,0.0,Premium,Centro,Sí,0
29.753044688886096,11940.724557581892,2.0,Básico,Norte,Sí,0
38.40460789963081,24272.524199542193,3.0,Básico,Norte,Sí,0
40.89369848419343,46984.621912059665,6.0,Básico,Centro,No,0
23.348187871035847,13201.118612870554,4.0,Básico,Sur,Sí,0
36.29245919586392,23977.75740822819,1.0,Premium,Norte,No,0
34.945994379105535,14904.21227024508,5.0,Premium,Sur,Sí,1
18.420151417003538,21282.539267616085,2.0,Plus,Norte,Sí,0
30.381468978359294,34311.141112485755,0.0,Plus,Norte,Sí,0
27.143073360289492,30714.450263984458,3.0,Plus,Sur,Sí,0
39.144185438943275,16877.503358034555,0.0,Premium,Centro,No,0
36.58742424306338,16024.77100023409,3.0,Básico,Sur,Sí,0
37.09705406445359,23790.70423312848,1.0,Plus,Norte,Sí,0
38.24731853341399,19934.25835963818,1.0,Premium,Norte,No,1
35.502434842736,16375.808016244504,2.0,Básico,Centro,Sí,0
37.473308010217934,,2.0,Premium,Centro,Sí,0
27.270996289795313,22002.62388517632,3.0,Básico,Centro,No,0
29.28591788991904,26707.413246838318,1.0,Básico,Sur,Sí,0
42.65639834716818,32077.398378705617,3.0,Plus,Norte,No,0
35.2491995226003,21247.274748141506,1.0,Básico,Norte,Sí,0
39.72275474934118,39198.65905168242,2.0,Básico,Sur,Sí,0
51.26452208365842,32056.49426362027,3.0,Plus,Sur,Sí,0
52.39354754463365,11783.17594261547,2.0,Plus,Norte,Sí,1
10.688407051364123,28587.341321299555,5.0,Premium,Centro,Sí,1
45.21489719344471,12970.815867407839,1.0,Básico,Centro,Sí,0
24.342401436312535,31562.118016342007,0.0,Plus,Norte,Sí,0
45.5848215988849,18110.489554577216,2.0,Premium,Centro,Sí,1
37.428445415993146,11735.657437654492,1.0,Premium,Centro,Sí,0
31.82972866485234,29417.052665450814,2.0,Plus,Norte,No,0
45.67953073834212,,0.0,Plus,Norte,Sí,0
36.221073862663296,25823.18329326397,0.0,Básico,Sur,Sí,0
38.78749461551928,35973.86053238844,1.0,Básico,Centro,Sí,0
39.657432324898444,1613.8721295615505,1.0,Básico,Sur,Sí,0
47.5645081998518,16560.53295249379,4.0,Premium,Centro,Sí,0
40.20587610219866,16219.562374099525,5.0,Plus,Norte,Sí,0
36.76493432455519,23278.568734878812,2.0,Básico,Centro,Sí,0
27.36348662761358,36824.04501806895,1.0,Básico,Norte,Sí,1
16.62001624177608,22806.159413483216,1.0,Premium,Centro,Sí,0
41.16141694977036,21709.220971985615,2.0,Básico,Norte,Sí,0
51.446277386632126,14706.648985712267,3.0,Básico,Centro,Sí,0
50.63725175703422,21430.901174752955,0.0,Básico,Norte,Sí,1
32.40219139322928,18846.875509561396,1.0,Básico,Norte,Sí,0
45.34198928401313,15370.54868783321,2.0,Básico,Sur,Sí,0
62.912310520276996,18554.76422683418,0.0,Premium,Norte,Sí,0
47.22532510031096,31137.778732252453,2.0,Básico,Norte,Sí,1
45.08350994266108,32425.734468829396,2.0,Plus,Sur,Sí,0
40.23265839516836,12152.117338143355,4.0,Básico,Sur,No,0
31.176501543389143,24346.273182429522,2.0,Básico,Norte,No,0
39.5194263536056,8949.486816163355,4.0,Plus,Sur,Sí,0
36.84715888286675,31110.43206798606,3.0,Premium,Norte,Sí,0
24.171589945383424,26006.625715404214,0.0,Premium,Sur,Sí,0
27.287478501869906,,4.0,Básico,Norte,Sí,1
30.287481490025502,26614.791617382834,2.0,Básico,Centro,No,1
29.915215307482256,39315.3123142081,2.0,Plus,Norte,Sí,0
50.89163329056552,31488.610506258403,1.0,Básico,Sur,No,0
11.737831370841135,11775.061752037976,1.0,Básico,Sur,Sí,0
44.11221975372709,,3.0,Básico,Centro,Sí,1
45.70530091431226,28222.91324934261,5.0,Básico,Sur,Sí,1
45.299249450599724,35200.23112320986,1.0,Plus,Sur,Sí,0
18.35825894726129,45374.49750510544,0.0,Plus,Sur,Sí,0
38.03240846308021,28690.43123151019,1.0,Básico,Sur,No,0
35.599065481010356,19618.407163435946,2.0,Básico,Centro,No,0
39.96879132360418,43059.34874087137,1.0,Básico,Sur,Sí,0
29.152755844673436,22624.15910104909,6.0,Básico,Norte,Sí,1
29.615597881170594,23034.85474344253,8.0,Plus,Norte,Sí,0
27.369853628034086,201049.42046702286,3.0,Plus,Norte,Sí,0
45.334474805844806,18779.909232220874,4.0,Básico,Sur,Sí,0
59.687697886150005,,1.0,Básico,Centro,Sí,1
13.308210688815223,25442.399600723224,3.0,Básico,Centro,Sí,0
37.387412766347154,31519.63573171327,0.0,Básico,Norte,Sí,0
41.3628327206688,32071.709509691253,0.0,Básico,Norte,No,0
38.69522665513933,21685.193438654755,1.0,Premium,Centro,Sí,1
19.348422292094384,24435.626867376723,1.0,Básico,Norte,Sí,0
13.03195785382001,,0.0,Premium,Norte,Sí,0
40.05634807048102,14994.25741217908,2.0,Básico,Centro,Sí,0
59.343452246770426,,,Básico,Norte,Sí,0
38.56379907775921,9394.273134340252,0.0,Plus,Centro,Sí,0
13.675290244135923,16682.68625382361,2.0,Básico,Sur,Sí,0
19.503601802951568,30707.708850676914,1.0,Básico,Centro,Sí,0
196.3935991459939,33197.21373381489,3.0,Básico,Norte,Sí,0
29.026883137800688,29367.860303270067,6.0,Básico,Centro,No,1
49.88742058779063,34543.76673325947,3.0,Básico,Norte,Sí,0
56.91331247711394,3113.686408080306,2.0,Plus,Sur,Sí,0
40.17726956839568,31134.715650225247,1.0,Plus,Centro,No,0
31.806254041793533,23044.38474762461,2.0,Básico,Centro,Sí,0
38.16614151134494,15618.905519427468,1.0,Plus,Sur,Sí,0
34.340859299086276,24563.39485334958,1.0,Básico,Centro,Sí,0
26.427931902410606,21409.399457472056,1.0,Básico,Norte,Sí,0
28.103602680070303,16790.68808120727,1.0,Básico,Centro,Sí,0
35.57714790079237,30595.58574109304,9.0,Plus,Norte,Sí,0
5.709277387692108,21175.26515057104,1.0,Básico,Norte,Sí,1
25.702200012571428,16868.907847957496,,Premium,Sur,Sí,0
13.431840123962917,9906.97518976056,3.0,Plus,Centro,Sí,0
26.09317129936224,38519.531735317425,,Básico,Sur,Sí,0
36.67803118551333,32511.354422728284,0.0,Básico,Norte,Sí,1
38.77235534258479,9513.385567221127,3.0,Premium,Norte,Sí,0
27.263951576516437,29788.82662997927,2.0,Plus,Norte,No,0
9.750264705379344,30884.440547377173,2.0,Básico,Sur,No,0
38.93693668394512,26853.457854005384,0.0,Básico,Norte,Sí,0
48.85925413461584,27659.864821231742,1.0,Plus,Sur,Sí,1
18.49291100295735,,0.0,Premium,Centro,Sí,0
32.87982111354459,,1.0,Básico,Centro,Sí,0
22.12411810917104,23296.4702445434,2.0,Básico,Centro,Sí,1
45.40674877825382,15401.574611282294,0.0,Plus,Sur,No,0
28.941767992738228,27289.062212872297,4.0,Básico,Norte,Sí,0
37.24336678355749,31822.249596370908,2.0,Plus,Centro,Sí,0
155.27313672761343,17209.65663632362,1.0,Básico,Sur,No,0
24.870958696914713,27035.200646619596,3.0,Plus,Sur,Sí,0
43.59623990655884,25992.11693395123,0.0,Plus,Sur,No,0
60.081269108427364,37902.00613192142,1.0,Básico,Centro,No,1
38.60647468591857,17515.23943309015,2.0,Básico,Centro,Sí,1
29.172678896713403,30284.406959524676,2.0,Plus,Sur,Sí,0
44.479279799499686,,1.0,Plus,Norte,Sí,0
43.38804223244776,26589.081004134234,3.0,Plus,Centro,Sí,0
19.78658887269846,32039.565305502296,0.0,Básico,Norte,No,0
47.042263444961,17096.069939637106,3.0,Básico,Norte,Sí,0
31.55264991265806,23025.74122479933,1.0,Premium,Norte,Sí,1
21.422052854268543,5057.188902827995,0.0,Plus,Sur,No,1
28.32180791834039,24270.18334914858,1.0,Básico,Sur,Sí,0
15.809615262025762,28697.098374888687,0.0,Premium,Norte,No,0
25.211856872239892,,2.0,Básico,Sur,No,0
29.492455894270325,26053.237341120872,2.0,Plus,Sur,No,0
41.91645323858672,14589.739951146677,3.0,Plus,Centro,No,0
57.67412434338805,25254.272928807113,1.0,Básico,Sur,Sí,0
10.580680827726326,19746.33741982743,0.0,Plus,Sur,Sí,0
33.27047443090616,29754.182486468562,1.0,Premium,Norte,No,0
70.76044320166879,19819.92583890174,1.0,Premium,Norte,Sí,1
41.60593262051032,32262.082657041217,0.0,Plus,Centro,Sí,0
41.30826511050624,23024.6553826846,1.0,Básico,Norte,No,0
16.830068716298506,26092.145742934783,3.0,Plus,Centro,No,0
58.77027479795429,31884.140366090687,5.0,Básico,Centro,No,0
45.97978748727038,25296.995332389066,3.0,Premium,Sur,Sí,0
37.09755812756771,26860.58171630544,3.0,Plus,Centro,No,1
21.38270701932905,28840.984730740747,3.0,Plus,Norte,Sí,0
27.698103775871477,25217.555056772362,2.0,Plus,Norte,Sí,0
46.10481721590824,35389.73309583086,,Premium,Norte,Sí,1
18.02715928311622,32031.883299807196,,Básico,Norte,Sí,1
28.5278432381255,19874.465199907238,3.0,Básico,Centro,No,0
32.16124141029073,19110.3007146947,0.0,Plus,Sur,Sí,1
35.460009130212924,19134.273364930406,2.0,Premium,Sur,Sí,0
38.089141646322894,23538.403575106342,1.0,Básico,Norte,Sí,0
23.141184505960247,30102.253137742082,1.0,Plus,Sur,Sí,0
32.88034350234119,20244.924785867093,0.0,Plus,Centro,No,0
35.127996737993584,21682.637604062642,2.0,Premium,Centro,No,0
2.894378633610472,16992.406205013292,2.0,Plus,Sur,No,0
44.46988619249609,30750.64429482049,3.0,Premium,Centro,Sí,0
30.887658142689624,26214.947926034987,1.0,Básico,Centro,No,0
16.586171921165256,10819.926613549598,1.0,Básico,Sur,No,0
40.24523653520993,-581.4788800206043,3.0,Básico,Sur,Sí,0
50.297470696584945,25681.410799280256,0.0,Plus,Sur,Sí,0
33.81802051305287,5081.2732008656785,2.0,Premium,Sur,Sí,0
26.39171842247528,29063.37745666758,1.0,Plus,Norte,No,0
28.363623801887055,31357.250090574245,2.0,Básico,Norte,Sí,0
21.8784965768098,35057.85181483357,0.0,Plus,Sur,No,0
35.84814479926141,36825.32037678041,1.0,Básico,Sur,Sí,0
33.79730419059945,35472.16264821154,2.0,Básico,Norte,Sí,0
34.24141674389632,212638.13789726162,2.0,Básico,Centro,Sí,0
66.74218639339813,34375.57216351203,1.0,Premium,Centro,No,0
35.256461455426056,27019.383815480047,1.0,Plus,Sur,Sí,0
46.38561118508761,27375.7980242668,5.0,Básico,Sur,Sí,1
43.14976197587182,16633.106845934366,3.0,Premium,Centro,Sí,0
69.90010268611425,,0.0,Plus,Sur,Sí,1
33.52142051217145,21097.079335038437,2.0,Básico,Sur,No,0
29.022534541116592,18710.051790560734,,Premium,Norte,Sí,0
32.14814899376303,25689.0561537258,,Básico,Norte,Sí,0
34.72594218502803,20986.234176956263,3.0,Plus,Centro,Sí,0
58.16553293368742,33731.3969951935,2.0,Plus,Sur,Sí,0
50.712278952065084,3872.9461772912728,3.0,Plus,Centro,Sí,0
45.143071123520535,19412.004912804572,0.0,Premium,Centro,Sí,0
34.85301884874507,9639.694032812586,3.0,Plus,Norte,Sí,1
19.597587653576028,25099.647179893433,4.0,Básico,Norte,No,1
43.45596017857896,25016.91506218133,2.0,Básico,Norte,No,0
19.457110372871007,,5.0,Plus,Sur,No,0
25.17562785014206,11467.107609019684,4.0,Básico,Norte,No,0
41.35943726631986,20338.906458217312,1.0,Premium,Sur,No,0
53.11403826751717,19751.56869653408,2.0,Plus,Centro,No,0
48.39835671476302,12747.975462555176,2.0,Básico,Norte,Sí,1
45.4470347035854,24331.435444882904,0.0,Básico,Sur,Sí,0
43.09783195242864,20463.823329374492,3.0,Básico,Norte,Sí,1
18.064683786661252,18008.177470767805,3.0,Plus,Centro,No,0
35.74418760190013,21575.12652917122,2.0,Básico,Norte,Sí,0
47.03170442059046,24149.379352605913,5.0,Básico,Centro,Sí,1
1.2168071177757298,19231.173603753414,,Premium,Centro,Sí,0
52.64791162405866,24405.877597056216,1.0,Plus,Centro,No,0
25.41787641887336,36476.34439391398,0.0,Básico,Centro,Sí,0
35.16220027391131,13188.133245945406,1.0,Plus,Centro,No,0
42.58659860487626,25340.41011248364,4.0,Básico,Norte,Sí,0
34.957941990321615,28588.870540407315,3.0,Premium,Centro,No,0
26.43678603309568,29499.119237672057,0.0,Básico,Norte,Sí,0
33.48016858264886,18395.376874816367,4.0,Básico,Norte,Sí,1
30.855244665929078,17570.20474039857,3.0,Premium,Norte,Sí,0
44.65180536678089,35035.91230415707,1.0,Premium,Centro,No,0
38.16198030221844,22697.99384828988,1.0,Plus,Norte,Sí,1
39.75437762617192,34735.35876010373,1.0,Plus,Centro,Sí,0
20.602827882700453,,0.0,Básico,Norte,Sí,0
121.61640745238267,21377.231007079055,2.0,Básico,Norte,No,0
41.33706068963932,16377.230946715083,2.0,Plus,Centro,Sí,0
35.02056492589645,32394.28152450028,2.0,Premium,Norte,Sí,0
42.08463381703101,24504.373281789936,1.0,Básico,Sur,Sí,0
38.91751470490844,30281.943465864955,1.0,Plus,Sur,Sí,0
43.23089513036444,19615.531060635854,5.0,Básico,Norte,Sí,0
32.12114396874006,5375.343566068212,2.0,Premium,Norte,Sí,1
38.06841626971421,24857.35869803073,4.0,Básico,Norte,No,1
36.65064312759969,38650.88554198279,3.0,Plus,Sur,No,0
45.50496547163306,,2.0,Plus,Centro,Sí,0
27.72812854789705,41179.34106966788,1.0,Premium,Norte,Sí,1
55.54963881634316,36264.17058423706,,Plus,Centro,No,0
49.760001397335316,23020.621269202173,3.0,Básico,Norte,No,1
19.463185759904697,26227.084509726013,,Plus,Norte,Sí,1
28.136140138517714,,2.0,Premium,Sur,Sí,0
17.882826396077288,29142.941040180955,3.0,Plus,Sur,Sí,0
42.491301858390045,19731.49605960791,2.0,Plus,Norte,Sí,0
50.12859689421077,12453.869798879816,1.0,Básico,Sur,Sí,1
26.465764052061168,42574.26998959077,2.0,Premium,Centro,Sí,0
24.0908702700097,20074.35932867417,3.0,Básico,Sur,Sí,1
42.08981813476602,12748.20574654129,1.0,Básico,Centro,Sí,0
45.51945718428874,24887.79882574869,2.0,Plus,Norte,Sí,0
36.309653406185575,13955.578624712682,2.0,Básico,Sur,Sí,0
51.97775094431751,17883.374126586816,2.0,Básico,Sur,No,0
41.86011960815062,18077.277817762304,3.0,Básico,Sur,No,0
31.34891739338946,18913.29534181259,1.0,Premium,Centro,Sí,0
44.15748788393674,25718.803673436978,2.0,Básico,Sur,No,0
38.64075654998689,,0.0,Básico,Sur,Sí,0
24.930940416005086,29024.954975280816,3.0,Premium,Sur,Sí,0
28.792247436830795,20000.561207204435,3.0,Plus,Sur,Sí,0
37.45853520615092,23343.156734376786,0.0,Básico,Sur,Sí,0
35.525835798125314,22718.091885190268,1.0,Plus,Centro,No,0
33.876821239399426,35615.79624162018,2.0,Básico,Centro,No,0
44.082229276477086,30486.240039556982,3.0,Básico,Sur,No,0
49.30329933608701,31857.128386055272,4.0,Básico,Norte,No,0
21.726994551440338,16374.220500481439,3.0,Plus,Sur,Sí,0
45.69486938045016,24509.353235525585,8.0,Plus,Sur,Sí,1
37.188299042991495,24047.06022373724,0.0,Premium,Centro,Sí,0
31.086923940667333,40375.35791690158,1.0,Básico,Norte,Sí,0
47.78989479819226,27230.013396820214,0.0,Plus,Centro,Sí,0
38.172085576449746,34220.02565921959,5.0,Básico,Centro,Sí,0
38.28699457170077,29248.743378021572,1.0,Básico,Centro,No,0
40.927633808839204,26685.63795023322,2.0,Plus,Sur,No,0
56.030051227560946,23904.43125140341,0.0,Premium,Sur,No,0
39.12022693323427,31388.339605988425,1.0,Premium,Sur,Sí,1
57.400739344709365,27185.930534975596,2.0,Básico,Centro,No,0
56.778473198166054,20884.911294608046,2.0,Premium,Norte,Sí,0
53.91691320127548,28087.812286016368,1.0,Básico,Sur,No,0
40.5938438227952,34198.47475389151,2.0,Básico,Norte,No,0
53.494930854560195,,1.0,Premium,Centro,Sí,0
23.390187133447135,19451.58437897782,1.0,Básico,Norte,Sí,0
37.48390231515757,8033.397207871611,4.0,Plus,Norte,Sí,0
34.95857066331227,26319.68691765482,2.0,Premium,Centro,Sí,0
25.57011280429755,35778.876000038574,2.0,Básico,Sur,Sí,1
30.372982596229946,34227.18666941807,4.0,Básico,Norte,Sí,1
34.28887184026449,29286.895477123864,3.0,Premium,Norte,No,0
45.199067508049964,28244.149771879012,3.0,Premium,Norte,Sí,0
18.40134065673768,,1.0,Plus,Sur,Sí,0
39.65081132355307,12002.05694096221,0.0,Básico,Sur,No,0
27.58209240736382,21599.17893797346,0.0,Plus,Norte,No,1
36.30222205993584,9222.09932365295,2.0,Básico,Sur,Sí,1
49.968867497890386,13090.581487380694,5.0,Plus,Norte,Sí,1
34.891687756383995,26513.872846705937,5.0,Básico,Centro,No,0
38.406045208154865,17464.411081040784,2.0,Plus,Norte,No,0
45.63996172154731,23983.11466211561,4.0,Premium,Centro,Sí,0
134.8530869347992,28839.91506129459,1.0,Plus,Centro,Sí,1
46.00139314931654,36879.30718109869,2.0,Básico,Norte,Sí,1
48.667890685637396,37492.42796358177,2.0,Premium,Centro,Sí,0
25.37094513733704,17164.82829885082,0.0,Básico,Centro,No,0
54.056793783749704,29171.384916263705,5.0,Premium,Centro,Sí,1
39.773324329692315,16935.490001979266,1.0,Premium,Centro,Sí,0
16.234312388983312,118520.76383270146,0.0,Plus,Norte,Sí,0
42.85489269032416,33512.34165405216,3.0,Premium,Sur,No,0
56.759529958229066,,3.0,Básico,Sur,Sí,0
45.0215858208489,34222.826033825084,5.0,Plus,Norte,No,0
39.97904946619947,38250.61374806009,3.0,Plus,Norte,Sí,1
20.591522313721036,26711.711120788557,2.0,Plus,Centro,Sí,0
56.08057253388731,14705.434183965242,4.0,Plus,Norte,Sí,0
60.91737094557712,24139.20744659519,1.0,Premium,Norte,Sí,0
16.042418195219398,35659.85809741814,1.0,Plus,Sur,Sí,0
43.1974899748884,24418.994028286776,1.0,Básico,Sur,Sí,1
26.506643306921017,,4.0,Plus,Sur,No,0
45.98408622046243,22767.884922897247,5.0,Básico,Norte,No,0
20.544467827703663,28296.84143033207,,Básico,Centro,No,1
41.913956224280575,38409.13131327338,1.0,Básico,Centro,Sí,0
27.114774490004763,29745.59238418199,4.0,Plus,Centro,Sí,0
38.406719198283234,21175.2448635061,,Básico,Centro,Sí,1
36.03760863642574,24782.564501088575,1.0,Premium,Centro,No,0
45.20129825786872,23756.18171583356,1.0,Plus,Norte,No,0
24.772903876034672,29873.491129889866,2.0,Básico,Norte,Sí,0
26.492436135266114,33303.14875071897,1.0,Básico,Centro,Sí,1
29.10347868883521,36301.651223526576,0.0,Premium,Centro,Sí,0
31.402613678991358,22167.74714902268,3.0,Plus,Centro,Sí,0
48.5048679239768,25742.020564218463,2.0,Premium,Sur,Sí,0
35.12702819518423,122511.05421050431,1.0,Plus,Norte,No,0
48.30647808523687,18083.55130057807,1.0,Plus,Sur,Sí,0
41.17705344792825,8062.831199698579,3.0,Básico,Norte,Sí,0
31.71440862299484,18389.946176027086,1.0,Plus,Norte,Sí,0
28.52533628581665,28459.67547805896,1.0,Básico,Centro,No,0
46.950456671440456,22306.957037765096,1.0,Plus,Norte,Sí,0
21.783847103785618,34744.51042561249,,Básico,Norte,No,0
29.37837990565893,40818.39772977003,4.0,Básico,Centro,Sí,0
30.169253378438086,34087.005052032444,2.0,Básico,Centro,Sí,0
40.31293275946089,25172.76753348889,1.0,Básico,Sur,Sí,0
55.90403953772531,16789.937391756834,0.0,Básico,Sur,Sí,0
26.457876206801725,33724.394457302624,1.0,Básico,Sur,Sí,0
16.77529515862246,30368.580770591816,0.0,Plus,Sur,Sí,1
39.503795819224,24416.317198476245,2.0,Básico,Sur,Sí,0
45.03325212308595,11034.112317618275,2.0,Plus,Norte,Sí,0
36.82916115856603,17319.980329395217,2.0,Plus,Sur,Sí,0
31.47836121089894,9176.117087396098,1.0,Básico,Norte,Sí,1
17.338187888194746,52884.26344597297,0.0,Plus,Norte,No,0
25.20415578307079,28761.979861361357,6.0,Básico,Centro,Sí,0
32.46073620012631,19129.144429610715,6.0,Plus,Norte,Sí,0
41.907254327030316,31079.192587417005,2.0,Premium,Centro,Sí,0
50.72080871155853,29402.122673959537,0.0,Básico,Sur,Sí,0
44.5890775162046,30576.537805269916,1.0,Básico,Centro,Sí,0
27.297618700131295,22954.0468705507,2.0,Premium,Norte,No,0
34.650687308615964,,1.0,Básico,Sur,Sí,0
41.74995874712978,27089.440560485025,0.0,Básico,Centro,Sí,1
27.06432239645577,18055.722551784682,1.0,Básico,Norte,Sí,1
31.100666416800465,20470.63034716182,4.0,Básico,Norte,Sí,1
35.83109862590974,19258.23639346883,1.0,Plus,Sur,Sí,1
61.74707704473551,23620.507873376013,0.0,Premium,Sur,Sí,0
29.374810028017045,23816.41214129315,0.0,Plus,Sur,Sí,1
34.20410555895414,46633.52558224674,0.0,Plus,Sur,Sí,0
35.4959581663372,38710.16802631554,2.0,Plus,Sur,No,0
28.82991184016561,18915.270929744587,1.0,Plus,Centro,Sí,0
22.013552739749358,23617.878620449213,3.0,Básico,Norte,No,0
49.57710153093191,22109.182262399914,1.0,Premium,Sur,Sí,0
24.98821107980242,24429.613988673773,1.0,Básico,Centro,Sí,1
44.95870973278588,34321.2710560653,2.0,Básico,Norte,Sí,0
24.18668954913162,32203.995953572175,1.0,Premium,Sur,Sí,0
38.17857634497247,32562.27193951907,3.0,Plus,Norte,No,0
17.877887869667745,21895.094397050772,4.0,Básico,Sur,No,0
36.8222786319523,12159.825743606172,0.0,Básico,Norte,Sí,0
32.21251893774142,11009.994071168267,6.0,Básico,Centro,Sí,0
34.990409331793614,34548.41572473329,2.0,Básico,Norte,No,1
31.55233777268198,28125.520719706452,1.0,Plus,Norte,Sí,1
27.929700677216548,32494.163762147982,1.0,Básico,Norte,Sí,0
30.841951364779284,29430.485928030546,2.0,Básico,Norte,Sí,0
31.152749785027684,12670.757040311633,3.0,Básico,Sur,Sí,0
58.01593313763643,31188.85196073289,1.0,Básico,Centro,No,0
23.50387021555202,18531.73236935739,0.0,Premium,Norte,No,0
45.423958231929774,17506.76024351634,5.0,Plus,Centro,Sí,0
43.495940322182776,29642.45770036888,3.0,Plus,Sur,No,0
26.15806280659482,40460.180401920064,1.0,Básico,Centro,Sí,0
54.368887478408354,20588.27301175168,2.0,Plus,Norte,Sí,1
30.94071698688647,23637.46894368212,2.0,Plus,Sur,No,1
38.70955484099667,18713.301813437483,1.0,Básico,Centro,No,0
37.77631658648507,30894.510527646104,3.0,Premium,Norte,Sí,0
19.89494182469376,40309.66587425507,2.0,Premium,Sur,No,0
44.96915205329049,20122.71566595792,0.0,Premium,Centro,No,0
40.399343665501846,42434.83712796203,3.0,Básico,Sur,Sí,0
9.189810609843079,30176.509409408507,4.0,Básico,Sur,Sí,0
18.449212605319833,27687.336455796478,1.0,Premium,Norte,Sí,0
43.660654157809155,13240.292072872195,0.0,Plus,Sur,No,0
47.527999880041676,33935.6847016861,1.0,Premium,Norte,No,0
49.972955669190775,25986.146708156895,1.0,Básico,Norte,Sí,0
34.045695237398945,,1.0,Premium,Norte,No,1
28.398471925990208,23798.86303804669,3.0,Básico,Sur,Sí,0
26.17602360825667,26139.438338479846,3.0,Básico,Sur,Sí,1
48.73136931764459,13485.99249509853,0.0,Plus,Centro,Sí,0
35.270512476235254,17356.768052540378,1.0,Premium,Norte,Sí,0
30.462766004901752,31860.115071392,4.0,Premium,Centro,Sí,0
36.13541682490603,29108.025398445778,1.0,Básico,Norte,Sí,0
33.41756523347542,20949.77828422754,1.0,Básico,Centro,Sí,0
42.88718195997922,26962.663014863258,3.0,Plus,Norte,No,0
42.610097130574275,35576.666292312046,2.0,Plus,Sur,Sí,0
24.82119409946899,41012.21686028766,0.0,Plus,Centro,No,0
30.788174231787835,20651.30470822451,3.0,Premium,Centro,No,0
77.76337324996248,14035.675975928814,1.0,Premium,Norte,Sí,0
43.422024932319474,26154.798379918062,1.0,Básico,Centro,No,0
34.33770390697901,36813.631965576955,5.0,Plus,Norte,Sí,0
48.34512049404761,,2.0,Básico,Centro,Sí,1
41.16692323979527,,3.0,Premium,Norte,No,0
31.753074619379973,24842.110910660125,1.0,Premium,Norte,Sí,0
22.283797550648494,5106.966568124219,0.0,Básico,Norte,No,0
44.281470575137575,22471.4630157629,1.0,Básico,Norte,Sí,1
52.216958045162826,7391.13861873544,1.0,Plus,Centro,Sí,0
18.017372331662077,28508.328979739497,3.0,Básico,Norte,Sí,0
40.97575582144863,30933.982996637355,3.0,Plus,Centro,Sí,0
63.05578069135602,14937.184936815022,0.0,Premium,Sur,Sí,0
22.677237419863566,22941.04610007196,2.0,Premium,Sur,No,1
30.996575361546135,,3.0,Plus,Sur,Sí,1
25.666624553523967,21077.605186205226,2.0,Plus,Sur,Sí,1
39.70696831130455,34736.00868696871,1.0,Plus,Norte,Sí,0
29.52841827120795,21284.412300781347,3.0,Plus,Centro,Sí,0
45.775726398065316,23201.251684676357,3.0,Básico,Norte,Sí,0
52.217224653241566,18135.525822218882,3.0,Básico,Sur,No,0
20.805147468808293,28814.943320242466,0.0,Premium,Centro,Sí,1
28.513235996594325,22414.303062402938,1.0,Básico,Centro,Sí,0
32.59383012134168,26354.085218367898,4.0,Premium,Sur,Sí,0
53.09480241624489,18274.523227059508,4.0,Plus,Norte,Sí,0
39.11055023291436,31886.967575742,1.0,Premium,Norte,Sí,1
43.441121382115085,,3.0,Básico,Centro,No,0
11.946135578923755,31136.82659897464,2.0,Plus,Centro,No,1
58.31990543910867,15020.862077728993,2.0,Plus,Sur,No,0
43.55021729080689,35267.29462426679,6.0,Básico,Norte,Sí,1
37.681724521507014,23214.9274586737,0.0,Plus,Centro,No,0
30.463714240286414,23121.88403692311,0.0,Plus,Centro,Sí,0
30.093945628621654,26681.26550528037,4.0,Plus,Norte,No,1
41.36638023886302,17818.07332887511,1.0,Básico,Norte,Sí,1
39.058307981751746,26592.65439672571,3.0,Básico,Centro,Sí,0
33.8834619555387,29169.853089512068,1.0,Plus,Sur,Sí,0
113.91251282849225,29522.567765228523,1.0,Premium,Centro,No,0
40.420140771810246,24761.69684558271,4.0,Premium,Sur,Sí,0
33.888764720214525,20055.026898805212,1.0,Básico,Sur,Sí,1
23.573275654034912,25243.560272251332,4.0,Plus,Norte,Sí,0
26.439281512148096,39048.65859413387,,Plus,Centro,Sí,0
39.4685441594358,16475.982271271052,2.0,Básico,Norte,Sí,0
27.17824274262509,33512.34056021746,0.0,Básico,Sur,Sí,1
22.54721957379697,18290.157736543748,1.0,Plus,Centro,Sí,1
28.823194751802063,15436.427974257966,1.0,Plus,Norte,Sí,0
43.943500276614316,17683.83407352371,2.0,Básico,Centro,Sí,0
60.53032471448729,25175.861784853474,2.0,Básico,Norte,No,0
64.70912181916606,16171.90117644332,1.0,Básico,Centro,Sí,0
16.227464100549355,31461.812644614813,1.0,Premium,Norte,No,0
60.88101197294698,32395.117808264225,2.0,Básico,Centro,Sí,0
43.20693455604515,22012.419803147044,1.0,Básico,Sur,No,0
30.59689296000552,26060.545468946842,0.0,Básico,Norte,Sí,0
27.462801894593035,15964.285485438895,1.0,Plus,Sur,Sí,0
